iso2,iso3,country,admin1,latitude,longitude,year_start,hrp2_screened,hrp2_pos,hrp2_pos_frac,hrp3_screened,hrp3_pos,hrp3_pos_frac,hrp2_hrp3_screened,hrp2_hrp3_pos,hrp2_hrp3_pos_frac,src,src_pmc,src_url
BD,BGD,Bangladesh,Sylhet,23.684994,90.3563309999999,2013.0,1,1,1.0,1.0,1.0,1.0,1.0,1.0,1.0,WHO Malaria Threat Map,28820682,https://doi.org/10.4269/ajtmh.16-0884
BD,BGD,Bangladesh,none,,,2013.0,1,1,1.0,1.0,1.0,1.0,1.0,1.0,1.0,WHO Malaria Threat Map,,
BO,BOL,Bolivia,Beni Department,-11.0073376,-66.0582489999999,2010.0,25,1,0.04,25.0,17.0,0.68,25.0,0.0,0.0,WHO Malaria Threat Map,PMC5354239,https://doi.org/10.1371/journal.pone.0171150
BO,BOL,Bolivia,none,,,2010.0,25,1,0.04,25.0,17.0,0.68,25.0,0.0,0.0,WHO Malaria Threat Map,,
BR,BRA,Brazil,Mato Grosso,-13.3211138,-55.9052997,2002.0,40,4,0.1,,,,,,,WHO Malaria Threat Map,PMCID: PMC8491579,https://www.ncbi.nlm.nih.gov/pmc/articles/PMC8491578/
BR,BRA,Brazil,none,,,2002.0,40,4,0.1,0.0,0.0,,0.0,0.0,,WHO Malaria Threat Map,,
BR,BRA,Brazil,Amapa,1.3881284,-51.7231747,2004.0,11,0,0.0,,,,,,,WHO Malaria Threat Map,PMCID: PMC8491578,https://www.ncbi.nlm.nih.gov/pmc/articles/PMC8491578/
BR,BRA,Brazil,none,,,2004.0,11,0,0.0,0.0,0.0,,0.0,0.0,,WHO Malaria Threat Map,,
BR,BRA,Brazil,Rondonia,-10.8482297,-63.0568257,2008.0,33,2,0.06060606060606061,,,,,,,WHO Malaria Threat Map,PMCID: PMC8491580,https://www.ncbi.nlm.nih.gov/pmc/articles/PMC8491578/
BR,BRA,Brazil,none,,,2008.0,33,2,0.06060606060606061,0.0,0.0,,0.0,0.0,,WHO Malaria Threat Map,,
BR,BRA,Brazil,Acre,-7.663115,-72.7381987,2010.0,187,89,0.47593582887700536,187.0,118.0,0.6310160427807486,187.0,86.0,0.45989304812834225,WHO Malaria Threat Map,PMCID: PMC9246369,https://www.ncbi.nlm.nih.gov/pmc/articles/PMC9246365/
BR,BRA,Brazil,Rondonia,-10.2620182,-63.2963285999999,2010.0,60,2,0.03333333333333333,60.0,11.0,0.18333333333333332,60.0,2.0,0.03333333333333333,WHO Malaria Threat Map,PMC5354239,https://doi.org/10.1371/journal.pone.0171150
BR,BRA,Brazil,none,,,2010.0,247,91,0.3684210526315789,247.0,129.0,0.5222672064777328,247.0,88.0,0.3562753036437247,WHO Malaria Threat Map,,
BR,BRA,Brazil,Amazon Region,-3.4653052,-62.2246353,2011.0,1,1,1.0,1.0,1.0,1.0,1.0,1.0,1.0,WHO Malaria Threat Map,PMC3147824,https://www.ncbi.nlm.nih.gov/pubmed/21543573 
BR,BRA,Brazil,Para States,-1.9981271,-54.9306152,2011.0,59,0,0.0,59.0,30.0,0.5084745762711864,59.0,0.0,0.0,WHO Malaria Threat Map,PMC5354239,https://doi.org/10.1371/journal.pone.0171150
BR,BRA,Brazil,none,,,2011.0,60,1,0.016666666666666666,60.0,31.0,0.5166666666666667,60.0,1.0,0.016666666666666666,WHO Malaria Threat Map,,
BR,BRA,Brazil,Acre,-7.6280405,-72.6761607999999,2012.0,79,25,0.31645569620253167,79.0,30.0,0.379746835443038,79.0,21.0,0.26582278481012656,WHO Malaria Threat Map,PMC5354239,https://doi.org/10.1371/journal.pone.0171150
BR,BRA,Brazil,none,,,2012.0,79,25,0.31645569620253167,79.0,30.0,0.379746835443038,79.0,21.0,0.26582278481012656,WHO Malaria Threat Map,,
BR,BRA,Brazil,Acre,-7.617686,-72.6760787,2016.0,99,71,0.7171717171717171,99.0,94.0,0.9494949494949495,,,,WHO Malaria Threat Map,PMC7795390,https://www.ncbi.nlm.nih.gov/pmc/articles/PMC7795390/
BR,BRA,Brazil,Amazonas,-3.048424,-59.9964297,2016.0,60,60,1.0,60.0,59.0,0.9833333333333333,,,,WHO Malaria Threat Map,PMC7795390,https://www.ncbi.nlm.nih.gov/pmc/articles/PMC7795390/
BR,BRA,Brazil,none,,,2016.0,159,131,0.8238993710691824,159.0,153.0,0.9622641509433962,0.0,0.0,,WHO Malaria Threat Map,,
BR,BRA,Brazil,Roraima,1.1809814,-61.2003417,2018.0,48,7,0.14583333333333334,,,,,,,WHO Malaria Threat Map,PMCID: PMC8491581,https://www.ncbi.nlm.nih.gov/pmc/articles/PMC8491578/
BR,BRA,Brazil,none,,,2018.0,48,7,0.14583333333333334,0.0,0.0,,0.0,0.0,,WHO Malaria Threat Map,,
CD,COD,Democratic Republic of Congo,Kinshasa,-4.374953,15.29341,2005.0,6,0,0.0,6.0,0.0,0.0,6.0,0.0,0.0,WHO Malaria Threat Map,PMC3480887,https://www.ncbi.nlm.nih.gov/pubmed/22898068
CD,COD,Democratic Republic of Congo,none,,,2005.0,6,0,0.0,6.0,0.0,0.0,6.0,0.0,0.0,WHO Malaria Threat Map,,
CD,COD,Democratic Republic of Congo,"Bolenge, Kabondo, Kapolowe, Kimpese, Mikalayi and Rutshuru",-4.1984626,23.3482513,2017.0,74,3,0.04054054054054054,74.0,1.0,0.013513513513513514,74.0,0.0,0.0,WHO Malaria Threat Map,PMCID: PMC8626453,https://www.ncbi.nlm.nih.gov/pmc/articles/PMC8626453/
CD,COD,Democratic Republic of Congo,Kinshasa; Bas-Uele; Sud-Kivu,-0.149273,23.7478803,2017.0,855,0,0.0,855.0,0.0,0.0,855.0,0.0,0.0,WHO Malaria Threat Map,PMC7985209,https://www.ncbi.nlm.nih.gov/pmc/articles/PMC7985209/
CD,COD,Democratic Republic of Congo,none,,,2017.0,929,3,0.0032292787944025836,929.0,1.0,0.001076426264800861,929.0,0.0,0.0,WHO Malaria Threat Map,,
CD,COD,Democratic Republic of Congo,Kwilu province,-3.3154164,17.3106975,2018.0,121,19,0.15702479338842976,,,,,,,WHO Malaria Threat Map,PMC8146217,https://www.ncbi.nlm.nih.gov/pmc/articles/PMC8146217/
CD,COD,Democratic Republic of Congo,Kwilu province,-5.0068887,18.7979903,2018.0,276,17,0.06159420289855073,,,,,,,WHO Malaria Threat Map,PMC8146217,https://www.ncbi.nlm.nih.gov/pmc/articles/PMC8146217/
CD,COD,Democratic Republic of Congo,Kwilu province,-5.0924667,18.8132683,2018.0,94,9,0.09574468085106383,,,,,,,WHO Malaria Threat Map,PMC8146217,https://www.ncbi.nlm.nih.gov/pmc/articles/PMC8146217/
CD,COD,Democratic Republic of Congo,none,,,2018.0,491,45,0.09164969450101833,0.0,0.0,,0.0,0.0,,WHO Malaria Threat Map,,
CM,CMR,Cameroon,Sud Ouest,4.08778,9.1970423,2020.0,16,5,0.3125,16.0,4.0,0.25,16.0,2.0,0.125,WHO Malaria Threat Map,PMCID: PMC9216387,https://www.ncbi.nlm.nih.gov/pmc/articles/PMC9216387/
CM,CMR,Cameroon,none,,,2020.0,16,5,0.3125,16.0,4.0,0.25,16.0,2.0,0.125,WHO Malaria Threat Map,,
CN,CHN,China,Yunnan province,24.636152,101.3620143,2013.0,306,47,0.15359477124183007,,,,,,,WHO Malaria Threat Map,PMC6937805,https://malariajournal.biomedcentral.com/articles/10.1186/s12936-019-3084-4#citeas
CN,CHN,China,none,,,2013.0,306,47,0.15359477124183007,0.0,0.0,,0.0,0.0,,WHO Malaria Threat Map,,
CO,COL,Colombia,Guaviare-Meta,2.761889,-72.6225,1999.0,4,0,0.0,4.0,3.0,0.75,4.0,0.0,0.0,WHO Malaria Threat Map,PMC4494814,http://journals.plos.org/plosone/article?id=10.1371/journal.pone.0131576
CO,COL,Colombia,none,,,1999.0,4,0,0.0,4.0,3.0,0.75,4.0,0.0,0.0,WHO Malaria Threat Map,,
CO,COL,Colombia,Cauca,2.473778,-76.879917,2003.0,33,0,0.0,33.0,2.0,0.06060606060606061,33.0,0.0,0.0,WHO Malaria Threat Map,PMC5026348,http://journals.plos.org/plosone/article?id=10.1371/journal.pone.0163137
CO,COL,Colombia,none,,,2003.0,33,0,0.0,33.0,2.0,0.06060606060606061,33.0,0.0,0.0,WHO Malaria Threat Map,,
CO,COL,Colombia,Valle,3.818417,-76.423028,2004.0,26,0,0.0,26.0,6.0,0.23076923076923078,26.0,0.0,0.0,WHO Malaria Threat Map,PMC5026348,http://journals.plos.org/plosone/article?id=10.1371/journal.pone.0163137
CO,COL,Colombia,none,,,2004.0,26,0,0.0,26.0,6.0,0.23076923076923078,26.0,0.0,0.0,WHO Malaria Threat Map,,
CO,COL,Colombia,Amazonas,-1.321,-71.639833,2008.0,28,15,0.5357142857142857,28.0,20.0,0.7142857142857143,28.0,15.0,0.5357142857142857,WHO Malaria Threat Map,PMC5026348,http://journals.plos.org/plosone/article?id=10.1371/journal.pone.0163137
CO,COL,Colombia,Antioquia,6.794111,-75.530667,2008.0,19,0,0.0,19.0,17.0,0.8947368421052632,19.0,0.0,0.0,WHO Malaria Threat Map,PMC5026348,http://journals.plos.org/plosone/article?id=10.1371/journal.pone.0163137
CO,COL,Colombia,Choco,5.795806,-77.011139,2008.0,42,0,0.0,42.0,4.0,0.09523809523809523,42.0,0.0,0.0,WHO Malaria Threat Map,PMC5026348,http://journals.plos.org/plosone/article?id=10.1371/journal.pone.0163137
CO,COL,Colombia,Cordoba,8.326639,-75.812528,2008.0,16,2,0.125,16.0,16.0,1.0,16.0,2.0,0.125,WHO Malaria Threat Map,PMC4494814,http://journals.plos.org/plosone/article?id=10.1371/journal.pone.0131576
CO,COL,Colombia,Nariño,1.517639,-77.861417,2008.0,90,0,0.0,90.0,37.0,0.4111111111111111,90.0,0.0,0.0,WHO Malaria Threat Map,PMC5026348,http://journals.plos.org/plosone/article?id=10.1371/journal.pone.0163137
CO,COL,Colombia,Nariño,1.517639,-77.861417,2008.0,34,1,0.029411764705882353,34.0,14.0,0.4117647058823529,34.0,1.0,0.029411764705882353,WHO Malaria Threat Map,PMC4494814,http://journals.plos.org/plosone/article?id=10.1371/journal.pone.0131576
CO,COL,Colombia,Valle,3.818417,-76.423028,2008.0,25,1,0.04,25.0,10.0,0.4,25.0,1.0,0.04,WHO Malaria Threat Map,PMC4494814,http://journals.plos.org/plosone/article?id=10.1371/journal.pone.0131576
CO,COL,Colombia,none,,,2008.0,254,19,0.07480314960629922,254.0,118.0,0.4645669291338583,254.0,19.0,0.07480314960629922,WHO Malaria Threat Map,,
CO,COL,Colombia,Cordoba,8.173194,-76.059667,2009.0,6,2,0.3333333333333333,6.0,6.0,1.0,6.0,2.0,0.3333333333333333,WHO Malaria Threat Map,,http://pdf.usaid.gov/pdf_docs/PA00JT5W.pdf
CO,COL,Colombia,Guaviare,1.994056,-72.129028,2009.0,15,0,0.0,15.0,15.0,1.0,15.0,0.0,0.0,WHO Malaria Threat Map,PMC5026348,http://journals.plos.org/plosone/article?id=10.1371/journal.pone.0163137
CO,COL,Colombia,Narino,1.789917,-78.790861,2009.0,22,0,0.0,22.0,7.0,0.3181818181818182,22.0,0.0,0.0,WHO Malaria Threat Map,,http://pdf.usaid.gov/pdf_docs/PA00JT5W.pdf
CO,COL,Colombia,Valle del Cauca,3.885333,-77.021694,2009.0,12,1,0.08333333333333333,12.0,5.0,0.4166666666666667,,,,WHO Malaria Threat Map,,http://pdf.usaid.gov/pdf_docs/PA00JT5W.pdf
CO,COL,Colombia,none,,,2009.0,55,3,0.05454545454545454,55.0,33.0,0.6,43.0,2.0,0.046511627906976744,WHO Malaria Threat Map,,
CO,COL,Colombia,Amazonas,-1.321,-71.639833,2011.0,11,0,0.0,11.0,3.0,0.2727272727272727,11.0,0.0,0.0,WHO Malaria Threat Map,PMC5026348,http://journals.plos.org/plosone/article?id=10.1371/journal.pone.0163137
CO,COL,Colombia,Antioquia,6.794111, -75.530667,2011.0,22,0,0.0,22.0,21.0,0.9545454545454546,22.0,0.0,0.0,WHO Malaria Threat Map,PMC5026348,http://journals.plos.org/plosone/article?id=10.1371/journal.pone.0163137
CO,COL,Colombia,Cauca,2.473778,-76.879917,2011.0,11,0,0.0,11.0,2.0,0.18181818181818182,11.0,0.0,0.0,WHO Malaria Threat Map,PMC5026348,http://journals.plos.org/plosone/article?id=10.1371/journal.pone.0163137
CO,COL,Colombia,Choco,5.795806,-77.011139,2011.0,28,0,0.0,28.0,8.0,0.2857142857142857,28.0,0.0,0.0,WHO Malaria Threat Map,PMC5026348,http://journals.plos.org/plosone/article?id=10.1371/journal.pone.0163137
CO,COL,Colombia,Guaviare,1.994056,-72.129028,2011.0,9,0,0.0,9.0,8.0,0.8888888888888888,9.0,0.0,0.0,WHO Malaria Threat Map,PMC5026348,http://journals.plos.org/plosone/article?id=10.1371/journal.pone.0163137
CO,COL,Colombia,Nariño,1.517639,-77.861417,2011.0,30,0,0.0,30.0,9.0,0.3,30.0,0.0,0.0,WHO Malaria Threat Map,PMC5026348,http://journals.plos.org/plosone/article?id=10.1371/journal.pone.0163137
CO,COL,Colombia,Valle,3.818417,-76.423028,2011.0,1,0,0.0,1.0,0.0,0.0,1.0,0.0,0.0,WHO Malaria Threat Map,PMC5026348,http://journals.plos.org/plosone/article?id=10.1371/journal.pone.0163137
CO,COL,Colombia,none,,,2011.0,112,0,0.0,112.0,51.0,0.45535714285714285,112.0,0.0,0.0,WHO Malaria Threat Map,,
CO,COL,Colombia,Amazonas,-1.321,-71.639833,,21,14,0.6666666666666666,21.0,9.0,0.42857142857142855,21.0,9.0,0.42857142857142855,WHO Malaria Threat Map,PMC4494814,http://journals.plos.org/plosone/article?id=10.1371/journal.pone.0131576
DJ,DJI,Djibouti,Djibouti CIty,11.5646252,43.1432873,2019.0,296,208,0.7027027027027027,296.0,254.0,0.8581081081081081,296.0,203.0,0.6858108108108109,WHO Malaria Threat Map,,"ASTMH abstract 626, 2021. Deletions of the pfhrp2 and pfhrp3 genes in a high percentage of Plasmodium falciparum infections: Djibouti City, December 2019 to March 2020. Eric Rogier et al"
DJ,DJI,Djibouti,Djibouti City,11.5848952,43.1470633,2019.0,74,64,0.8648648648648649,74.0,67.0,0.9054054054054054,74.0,64.0,0.8648648648648649,WHO Malaria Threat Map,PMID: 32869688,https://www.ncbi.nlm.nih.gov/pmc/articles/PMC7534257/
DJ,DJI,Djibouti,none,,,2019.0,370,272,0.7351351351351352,370.0,321.0,0.8675675675675676,370.0,267.0,0.7216216216216216,WHO Malaria Threat Map,,
EC,ECU,Ecuador,Esmereldas,0.9636826,-79.675835,2012.0,32,1,0.03125,32.0,1.0,0.03125,32.0,1.0,0.03125,WHO Malaria Threat Map,PMC4676133,https://malariajournal.biomedcentral.com/articles/10.1186/s12936-015-1019-2#Tab3
EC,ECU,Ecuador,none,,,2012.0,32,1,0.03125,32.0,1.0,0.03125,32.0,1.0,0.03125,WHO Malaria Threat Map,,
EC,ECU,Ecuador,Esmereldas,0.6314336,-79.5968169,2013.0,34,2,0.058823529411764705,34.0,7.0,0.20588235294117646,34.0,1.0,0.029411764705882353,WHO Malaria Threat Map,,http://repositorio.puce.edu.ec/bitstream/handle/22000/9745/Claudia_Abigail_Vera_Arias.pdf?sequence=1&isAllowed=y
EC,ECU,Ecuador,Esmereldas,1.2562889,-78.8595629,2013.0,20,3,0.15,20.0,11.0,0.55,20.0,3.0,0.15,WHO Malaria Threat Map,,http://repositorio.puce.edu.ec/bitstream/handle/22000/9745/Claudia_Abigail_Vera_Arias.pdf?sequence=1&isAllowed=y
EC,ECU,Ecuador,Manabi,-0.946118,-80.6411672,2013.0,1,0,0.0,1.0,1.0,1.0,1.0,0.0,0.0,WHO Malaria Threat Map,,http://repositorio.puce.edu.ec/bitstream/handle/22000/9745/Claudia_Abigail_Vera_Arias.pdf?sequence=1&isAllowed=y
EC,ECU,Ecuador,Orellana,-0.926777,-75.4104728,2013.0,1,1,1.0,1.0,1.0,1.0,1.0,1.0,1.0,WHO Malaria Threat Map,,http://repositorio.puce.edu.ec/bitstream/handle/22000/9745/Claudia_Abigail_Vera_Arias.pdf?sequence=1&isAllowed=y
EC,ECU,Ecuador,Socumbios,-0.187898,-76.6606269,2013.0,1,1,1.0,1.0,1.0,1.0,1.0,1.0,1.0,WHO Malaria Threat Map,,http://repositorio.puce.edu.ec/bitstream/handle/22000/9745/Claudia_Abigail_Vera_Arias.pdf?sequence=1&isAllowed=y
EC,ECU,Ecuador,Sucombios,-0.066506,-76.8896498,2013.0,2,0,0.0,2.0,1.0,0.5,2.0,0.0,0.0,WHO Malaria Threat Map,,http://repositorio.puce.edu.ec/bitstream/handle/22000/9745/Claudia_Abigail_Vera_Arias.pdf?sequence=1&isAllowed=y
EC,ECU,Ecuador,none,,,2013.0,59,7,0.11864406779661017,59.0,22.0,0.3728813559322034,59.0,6.0,0.1016949152542373,WHO Malaria Threat Map,,
ER,ERI,Eritrea,Debub,14.9478692,39.1543676999999,2013.0,9,2,0.2222222222222222,9.0,6.0,0.6666666666666666,9.0,2.0,0.2222222222222222,WHO Malaria Threat Map,28889944,https://www.ncbi.nlm.nih.gov/pubmed/28889944
ER,ERI,Eritrea,Gash Barka,15.4068825,37.6386622,2013.0,135,12,0.08888888888888889,135.0,56.0,0.4148148148148148,135.0,11.0,0.08148148148148149,WHO Malaria Threat Map,28889944,https://www.ncbi.nlm.nih.gov/pubmed/28889944
ER,ERI,Eritrea,none,,,2013.0,144,14,0.09722222222222222,144.0,62.0,0.4305555555555556,144.0,13.0,0.09027777777777778,WHO Malaria Threat Map,,
ER,ERI,Eritrea,Anseba,15.778954,38.368313,2015.0,14,13,0.9285714285714286,,,,,,,WHO Malaria Threat Map,,https://malariajournal.biomedcentral.com/articles/10.1186/s12936-017-1752-9
ER,ERI,Eritrea,Debub,14.86501,38.820512,2015.0,7,5,0.7142857142857143,,,,,,,WHO Malaria Threat Map,,https://malariajournal.biomedcentral.com/articles/10.1186/s12936-017-1752-9
ER,ERI,Eritrea,Gash Barka,15.001371,37.228128,2015.0,17,11,0.6470588235294118,,,,,,,WHO Malaria Threat Map,,https://malariajournal.biomedcentral.com/articles/10.1186/s12936-017-1752-9
ER,ERI,Eritrea,Northern Red Sea,15.454125,39.094881,2015.0,26,21,0.8076923076923077,26.0,24.0,0.9230769230769231,26.0,21.0,0.8076923076923077,WHO Malaria Threat Map,,https://wwwnc.cdc.gov/eid/article/24/3/17-1723_article
ER,ERI,Eritrea,Northern Red Sea,15.622701,39.465273,2015.0,24,10,0.4166666666666667,24.0,17.0,0.7083333333333334,24.0,10.0,0.4166666666666667,WHO Malaria Threat Map,,htthttps://wwwnc.cdc.gov/eid/article/24/3/17-1723_article
ER,ERI,Eritrea,Northern Red Sea,15.77369,39.381312,2015.0,12,12,1.0,,,,,,,WHO Malaria Threat Map,,https://malariajournal.biomedcentral.com/articles/10.1186/s12936-017-1752-9
ER,ERI,Eritrea,none,,,2015.0,100,72,0.72,50.0,41.0,0.82,50.0,31.0,0.62,WHO Malaria Threat Map,,
ER,ERI,Eritrea,Anseba,16.4944371,37.6205533,2019.0,107,29,0.27102803738317754,107.0,62.0,0.5794392523364486,107.0,22.0,0.205607476635514,WHO Malaria Threat Map,PMCID: PMC8548324,https://www.ncbi.nlm.nih.gov/pmc/articles/PMC8548324/#MOESM1
ER,ERI,Eritrea,Debub,14.8601962,38.9469033,2019.0,96,5,0.052083333333333336,96.0,42.0,0.4375,96.0,5.0,0.052083333333333336,WHO Malaria Threat Map,PMCID: PMC8548326,https://www.ncbi.nlm.nih.gov/pmc/articles/PMC8548324/#MOESM3
ER,ERI,Eritrea,Gash Barka,15.1684382,37.4247733,2019.0,512,33,0.064453125,512.0,194.0,0.37890625,512.0,27.0,0.052734375,WHO Malaria Threat Map,PMCID: PMC8548325,https://www.ncbi.nlm.nih.gov/pmc/articles/PMC8548324/#MOESM2
ER,ERI,Eritrea,none,,,2019.0,715,67,0.0937062937062937,715.0,298.0,0.4167832167832168,715.0,54.0,0.07552447552447553,WHO Malaria Threat Map,,
ET,ETH,Ethiopia,Oromia,8.5339384,39.1943963,2015.0,50,50,1.0,50.0,50.0,1.0,50.0,50.0,1.0,WHO Malaria Threat Map,PMID: 33152025,https://www.ncbi.nlm.nih.gov/pmc/articles/PMC7644029/
ET,ETH,Ethiopia,none,,,2015.0,50,50,1.0,50.0,50.0,1.0,50.0,50.0,1.0,WHO Malaria Threat Map,,
ET,ETH,Ethiopia,Arba Minch region,6.0204209,37.4980094,2017.0,2,0,0.0,2.0,2.0,1.0,2.0,0.0,0.0,WHO Malaria Threat Map,DOI: 10.3201/eid2803.211499,https://wwwnc.cdc.gov/eid/article/28/3/21-1499_article
ET,ETH,Ethiopia,Pawe region,11.3349665,36.3307733,2017.0,19,5,0.2631578947368421,19.0,5.0,0.2631578947368421,19.0,3.0,0.15789473684210525,WHO Malaria Threat Map,DOI: 10.3201/eid2803.211499,https://wwwnc.cdc.gov/eid/article/28/3/21-1499_article
ET,ETH,Ethiopia,"Tigray, Amhara and Gambella regions",10.8866273,36.0645903,2017.0,610,27,0.04426229508196721,610.0,192.0,0.31475409836065577,610.0,136.0,0.22295081967213115,WHO Malaria Threat Map,PMCID: PMC8478644,https://www.ncbi.nlm.nih.gov/pmc/articles/PMC8478644/
ET,ETH,Ethiopia,none,,,2017.0,631,32,0.05071315372424723,631.0,199.0,0.3153724247226624,631.0,139.0,0.2202852614896989,WHO Malaria Threat Map,,
ET,ETH,Ethiopia,Benishangul-Gumuz Regional State,10.5946623,34.7807013,2018.0,94,14,0.14893617021276595,94.0,8.0,0.0851063829787234,,,,WHO Malaria Threat Map,PMC8095343,https://www.ncbi.nlm.nih.gov/pmc/articles/PMC8095343/#MOESM3
ET,ETH,Ethiopia,Benishangul-Gumuz Regional State,9.755931334,34.7275083,2018.0,66,9,0.13636363636363635,66.0,6.0,0.09090909090909091,,,,WHO Malaria Threat Map,PMC8095343,https://www.ncbi.nlm.nih.gov/pmc/articles/PMC8095343/#MOESM3
ET,ETH,Ethiopia,Benishangul-Gumuz Regional State,10.5787813,34.3584893,2018.0,42,10,0.23809523809523808,42.0,5.0,0.11904761904761904,,,,WHO Malaria Threat Map,PMC8095343,https://www.ncbi.nlm.nih.gov/pmc/articles/PMC8095343/#MOESM3
ET,ETH,Ethiopia,Benishangul-Gumuz Regional State,10.06231,34.5359383,2018.0,16,6,0.375,16.0,1.0,0.0625,,,,WHO Malaria Threat Map,PMC8095343,https://www.ncbi.nlm.nih.gov/pmc/articles/PMC8095343/#MOESM3
ET,ETH,Ethiopia,none,,,2018.0,218,39,0.17889908256880735,218.0,20.0,0.09174311926605505,0.0,0.0,,WHO Malaria Threat Map,,
GA,GAB,Gabon,Lambarene,-0.7015576,10.2417893,2017.0,95,2,0.021052631578947368,95.0,0.0,0.0,95.0,0.0,0.0,WHO Malaria Threat Map,DOI:https://doi.org/10.1016/j.ebiom.2019.10.048,https://www.thelancet.com/article/S2352-3964(19)30723-6/fulltext#%20
GA,GAB,Gabon,none,,,2017.0,95,2,0.021052631578947368,95.0,0.0,0.0,95.0,0.0,0.0,WHO Malaria Threat Map,,
GF,GUF,French Guiana,Various,3.691583,-53.157083,2009.0,140,0,0.0,140.0,4.0,0.02857142857142857,140.0,0.0,0.0,WHO Malaria Threat Map,PMC3781074,http://journals.plos.org/plosone/article?id=10.1371/journal.pone.0074269
GF,GUF,French Guiana,none,,,2009.0,140,0,0.0,140.0,4.0,0.02857142857142857,140.0,0.0,0.0,WHO Malaria Threat Map,,
GF,GUF,French Guiana,Cayenne,4.923722,-52.320556,2010.0,81,0,0.0,81.0,6.0,0.07407407407407407,81.0,0.0,0.0,WHO Malaria Threat Map,PMC3781074,http://journals.plos.org/plosone/article?id=10.1371/journal.pone.0074269
GF,GUF,French Guiana,none,,,2010.0,81,0,0.0,81.0,6.0,0.07407407407407407,81.0,0.0,0.0,WHO Malaria Threat Map,,
GH,GHA,Ghana,Kintampo,8.0596949,-1.7599163,2009.0,154,0,0.0,154.0,0.0,0.0,154.0,0.0,0.0,WHO Malaria Threat Map,PMID: 31249999,https://www.ncbi.nlm.nih.gov/pubmed/31249999
GH,GHA,Ghana,none,,,2009.0,154,0,0.0,154.0,0.0,0.0,154.0,0.0,0.0,WHO Malaria Threat Map,,
GH,GHA,Ghana,National,7.7019615,-1.3599153,2018.0,79,31,0.3924050632911392,79.0,32.0,0.4050632911392405,79.0,14.0,0.17721518987341772,WHO Malaria Threat Map, PMC7473533,https://www.ncbi.nlm.nih.gov/pmc/articles/PMC7473533/
GH,GHA,Ghana,none,,,2018.0,79,31,0.3924050632911392,79.0,32.0,0.4050632911392405,79.0,14.0,0.17721518987341772,WHO Malaria Threat Map,,
GH,GHA,Ghana,Volta Region,6.043891,0.4138567,2019.0,50,0,0.0,50.0,0.0,0.0,50.0,0.0,0.0,WHO Malaria Threat Map,PMC7364488,https://www.ncbi.nlm.nih.gov/pmc/articles/PMC7364488/
GH,GHA,Ghana,none,,,2019.0,50,0,0.0,50.0,0.0,0.0,50.0,0.0,0.0,WHO Malaria Threat Map,,
GH,GHA,Ghana,Ashanti region,6.868371,-1.6092107,2020.0,223,1,0.004484304932735426,223.0,4.0,0.017937219730941704,170.0,0.0,0.0,WHO Malaria Threat Map,PMCID: PMC9246368,https://www.ncbi.nlm.nih.gov/pmc/articles/PMC9246365/
GH,GHA,Ghana,none,,,2020.0,223,1,0.004484304932735426,223.0,4.0,0.017937219730941704,170.0,0.0,0.0,WHO Malaria Threat Map,,
GM,GMB,Gambia,Banjul,13.45375,-16.578083,2005.0,2,0,0.0,2.0,0.0,0.0,2.0,0.0,0.0,WHO Malaria Threat Map,PMC3480887,https://www.ncbi.nlm.nih.gov/pubmed/22898068
GM,GMB,Gambia,none,,,2005.0,2,0,0.0,2.0,0.0,0.0,2.0,0.0,0.0,WHO Malaria Threat Map,,
GT,GTM,Guatemala,Escuintla,14.193122,-91.2953343,2015.0,21,3,0.14285714285714285,21.0,19.0,0.9047619047619048,21.0,3.0,0.14285714285714285,WHO Malaria Threat Map,PMID: 30170596,https://malariajournal.biomedcentral.com/articles/10.1186/s12936-018-2470-7
GT,GTM,Guatemala,none,,,2015.0,21,3,0.14285714285714285,21.0,19.0,0.9047619047619048,21.0,3.0,0.14285714285714285,WHO Malaria Threat Map,,
GY,GUY,Guyana,Georgetown,6.802139,-58.1445,2010.0,97,0,0.0,97.0,0.0,0.0,97.0,0.0,0.0,WHO Malaria Threat Map,PMC4433255,http://journals.plos.org/plosone/article?id=10.1371/journal.pone.0126805
GY,GUY,Guyana,none,,,2010.0,97,0,0.0,97.0,0.0,0.0,97.0,0.0,0.0,WHO Malaria Threat Map,,
HN,HND,Honduras,Gracias a Dios,15.25825,-83.780528,2008.0,68,0,0.0,68.0,30.0,0.4411764705882353,68.0,0.0,0.0,WHO Malaria Threat Map,PMC4308922,https://www.ncbi.nlm.nih.gov/pubmed/25604310
HN,HND,Honduras,none,,,2008.0,68,0,0.0,68.0,30.0,0.4411764705882353,68.0,0.0,0.0,WHO Malaria Threat Map,,
HN,HND,Honduras,"Gracias a Dios, Colon, Atlantida, Cortes, Islas de la Bahia",15.2184735,-88.4544722,2011.0,10,4,0.4,10.0,10.0,1.0,,,,WHO Malaria Threat Map,PMID: 30170596,https://malariajournal.biomedcentral.com/articles/10.1186/s12936-018-2470-7
HN,HND,Honduras,none,,,2011.0,10,4,0.4,10.0,10.0,1.0,0.0,0.0,,WHO Malaria Threat Map,,
HN,HND,Honduras,"Gracias a Dios, Colon, Atlantida, Cortes, Islas de la Bahia",15.2184735,-88.4544722,2012.0,11,0,0.0,11.0,9.0,0.8181818181818182,,,,WHO Malaria Threat Map,PMID: 30170596,https://malariajournal.biomedcentral.com/articles/10.1186/s12936-018-2470-7
HN,HND,Honduras,none,,,2012.0,11,0,0.0,11.0,9.0,0.8181818181818182,0.0,0.0,,WHO Malaria Threat Map,,
HN,HND,Honduras,"Gracias a Dios, Colon, Atlantida, Cortes, Islas de la Bahia",15.2184735,-88.4544722,2017.0,31,9,0.2903225806451613,31.0,31.0,1.0,,,,WHO Malaria Threat Map,PMID: 30170596,https://malariajournal.biomedcentral.com/articles/10.1186/s12936-018-2470-7
HN,HND,Honduras,none,,,2017.0,31,9,0.2903225806451613,31.0,31.0,1.0,0.0,0.0,,WHO Malaria Threat Map,,
HT,HTI,Haiti,Artibonite; Grand'Anse; Sud; Sud'Est,18.974684,-73.4619474,2012.0,7,0,0.0,7.0,0.0,0.0,7.0,0.0,0.0,WHO Malaria Threat Map,PMID: 31775743 ,https://malariajournal.biomedcentral.com/articles/10.1186/s12936-019-3010-9#citeas
HT,HTI,Haiti,none,,,2012.0,7,0,0.0,7.0,0.0,0.0,7.0,0.0,0.0,WHO Malaria Threat Map,,
IN,IND,India,Chhattisgarh,22.07525,82.147444,2010.0,48,2,0.041666666666666664,48.0,2.0,0.041666666666666664,48.0,2.0,0.041666666666666664,WHO Malaria Threat Map,PMID23041541,https://www.ncbi.nlm.nih.gov/pubmed/23041541
IN,IND,India,none,,,2010.0,48,2,0.041666666666666664,48.0,2.0,0.041666666666666664,48.0,2.0,0.041666666666666664,WHO Malaria Threat Map,,
IN,IND,India,Central table land,21.191065,84.8750243,2013.0,163,16,0.09815950920245399,163.0,14.0,0.08588957055214724,163.0,11.0,0.06748466257668712,WHO Malaria Threat Map,PMCID: PMC6206925,https://malariajournal.biomedcentral.com/articles/10.1186/s12936-018-2502-3
IN,IND,India,Coastral Track,20.048885,85.7110333,2013.0,76,6,0.07894736842105263,76.0,3.0,0.039473684210526314,76.0,2.0,0.02631578947368421,WHO Malaria Threat Map,PMCID: PMC6206925,https://malariajournal.biomedcentral.com/articles/10.1186/s12936-018-2502-3
IN,IND,India,Eastern ghat,19.1858382,82.7434964,2013.0,48,7,0.14583333333333334,48.0,1.0,0.020833333333333332,48.0,1.0,0.020833333333333332,WHO Malaria Threat Map,PMCID: PMC6206925,https://malariajournal.biomedcentral.com/articles/10.1186/s12936-018-2502-3
IN,IND,India,Northern Plateau,21.747202,85.5826523,2013.0,97,9,0.09278350515463918,97.0,6.0,0.061855670103092786,97.0,3.0,0.030927835051546393,WHO Malaria Threat Map,PMCID: PMC6206925,https://malariajournal.biomedcentral.com/articles/10.1186/s12936-018-2502-3
IN,IND,India,none,,,2013.0,384,38,0.09895833333333333,384.0,24.0,0.0625,384.0,17.0,0.044270833333333336,WHO Malaria Threat Map,,
IN,IND,India,Chhattisgarh,19.085392,82.0095622,2014.0,202,0,0.0,202.0,0.0,0.0,202.0,0.0,0.0,WHO Malaria Threat Map,PMC4982695,https://www.ncbi.nlm.nih.gov/pubmed/27518538
IN,IND,India,Chhattisgarh,23.2784393,82.5269142,2014.0,12,3,0.25,12.0,0.0,0.0,12.0,0.0,0.0,WHO Malaria Threat Map,PMC4982695,https://www.ncbi.nlm.nih.gov/pubmed/27518538
IN,IND,India,Gujarat,22.7047006,73.9038062,2014.0,87,10,0.11494252873563218,87.0,7.0,0.08045977011494253,87.0,7.0,0.08045977011494253,WHO Malaria Threat Map,PMC4982695,https://www.ncbi.nlm.nih.gov/pubmed/27518538
IN,IND,India,Gujarat,20.2923796,73.2595289,2014.0,10,0,0.0,10.0,0.0,0.0,10.0,0.0,0.0,WHO Malaria Threat Map,PMC4982695,https://www.ncbi.nlm.nih.gov/pubmed/27518538
IN,IND,India,Jharkhand,22.5682765,84.58480571452,2014.0,118,3,0.025423728813559324,118.0,2.0,0.01694915254237288,118.0,2.0,0.01694915254237288,WHO Malaria Threat Map,PMC4982695,https://www.ncbi.nlm.nih.gov/pubmed/27518538
IN,IND,India,Jharkhand,22.6492874,84.9058947,2014.0,98,2,0.02040816326530612,98.0,1.0,0.01020408163265306,98.0,0.0,0.0,WHO Malaria Threat Map,PMC4982695,https://www.ncbi.nlm.nih.gov/pubmed/27518538
IN,IND,India,Madhya Pradesh,22.6475612,74.5166159,2014.0,125,0,0.0,125.0,0.0,0.0,125.0,0.0,0.0,WHO Malaria Threat Map,PMC4982695,https://www.ncbi.nlm.nih.gov/pubmed/27518538
IN,IND,India,Madhya Pradesh,22.9268059,81.6038905,2014.0,101,2,0.019801980198019802,101.0,2.0,0.019801980198019802,101.0,2.0,0.019801980198019802,WHO Malaria Threat Map,PMC4982695,https://www.ncbi.nlm.nih.gov/pubmed/27518538
IN,IND,India,Maharashtra,20.4931598,80.3710252,2014.0,114,3,0.02631578947368421,114.0,3.0,0.02631578947368421,114.0,3.0,0.02631578947368421,WHO Malaria Threat Map,PMC4982695,https://www.ncbi.nlm.nih.gov/pubmed/27518538
IN,IND,India,Maharashtra,21.2759698,80.5864953,2014.0,120,0,0.0,120.0,0.0,0.0,120.0,0.0,0.0,WHO Malaria Threat Map,PMC4982695,https://www.ncbi.nlm.nih.gov/pubmed/27518538
IN,IND,India,Orissa,18.9350084,83.246541,2014.0,229,12,0.05240174672489083,229.0,12.0,0.05240174672489083,229.0,11.0,0.048034934497816595,WHO Malaria Threat Map,PMC4982695,https://www.ncbi.nlm.nih.gov/pubmed/27518538
IN,IND,India,Orissa,19.0690848,84.525799,2014.0,38,0,0.0,38.0,0.0,0.0,38.0,0.0,0.0,WHO Malaria Threat Map,PMC4982695,https://www.ncbi.nlm.nih.gov/pubmed/27518538
IN,IND,India,Rajasthan,24.58,73.68,2014.0,140,0,0.0,140.0,0.0,0.0,140.0,0.0,0.0,WHO Malaria Threat Map,PMC4982695,https://www.ncbi.nlm.nih.gov/pubmed/27518538
IN,IND,India,Tripura,23.0706562,91.5786373,2014.0,45,0,0.0,45.0,0.0,0.0,45.0,0.0,0.0,WHO Malaria Threat Map,PMC4982695,https://www.ncbi.nlm.nih.gov/pubmed/27518538
IN,IND,India,Tripura,23.3093302,91.5527522,2014.0,82,1,0.012195121951219513,82.0,0.0,0.0,82.0,0.0,0.0,WHO Malaria Threat Map,PMC4982695,https://www.ncbi.nlm.nih.gov/pubmed/27518538
IN,IND,India,none,,,2014.0,1521,36,0.023668639053254437,1521.0,27.0,0.01775147928994083,1521.0,25.0,0.01643655489809336,WHO Malaria Threat Map,,
IN,IND,India,Chhattisgarh state,21.989065,82.2493383,2016.0,4,3,0.75,4.0,3.0,0.75,4.0,3.0,0.75,WHO Malaria Threat Map,DOI: 10.4103/0972-9062.328815,https://www.jvbd.org/article.asp?issn=0972-9062;year=2021;volume=58;issue=3;spage=273;epage=280;aulast=Kumari
IN,IND,India,none,,,2016.0,4,3,0.75,4.0,3.0,0.75,4.0,3.0,0.75,WHO Malaria Threat Map,,
KE,KEN,Kenya,Kilifi,-3.520472,39.90125,2005.0,12,0,0.0,12.0,0.0,0.0,12.0,0.0,0.0,WHO Malaria Threat Map,PMC3480887,https://www.ncbi.nlm.nih.gov/pubmed/22898068
KE,KEN,Kenya,none,,,2005.0,12,0,0.0,12.0,0.0,0.0,12.0,0.0,0.0,WHO Malaria Threat Map,,
KE,KEN,Kenya,Busia,0.3617923,34.1684918,2016.0,80,0,0.0,80.0,0.0,0.0,80.0,0.0,0.0,WHO Malaria Threat Map,PMID: 30138695,https://www.sciencedirect.com/science/article/pii/S138357691830268X#bb0095
KE,KEN,Kenya,Siaya,0.0446054,34.2797463,2016.0,7,0,0.0,7.0,0.0,0.0,7.0,0.0,0.0,WHO Malaria Threat Map,DOI: 10.3201/eid2803.211499,https://wwwnc.cdc.gov/eid/article/28/3/21-1499_article
KE,KEN,Kenya,none,,,2016.0,87,0,0.0,87.0,0.0,0.0,87.0,0.0,0.0,WHO Malaria Threat Map,,
KE,KEN,Kenya,Ahero,-0.1750943,34.9154092,2018.0,150,0,0.0,150.0,0.0,0.0,150.0,0.0,0.0,WHO Malaria Threat Map,PMC7218268,https://www.sciencedirect.com/science/article/pii/S2352396420301328#bib0042
KE,KEN,Kenya,none,,,2018.0,150,0,0.0,150.0,0.0,0.0,150.0,0.0,0.0,WHO Malaria Threat Map,,
MG,MDG,Madagascar,Yurimaguas,-19.24525,46.18026,2014.0,73,0,0.0,,,,,,,WHO Malaria Threat Map,DOI: 10.4269/ajtmh.17-0845,https://www.ncbi.nlm.nih.gov/pubmed/29557337
MG,MDG,Madagascar,none,,,2014.0,73,0,0.0,0.0,0.0,,0.0,0.0,,WHO Malaria Threat Map,,
MG,MDG,Madagascar,Ankazomborona,-16.0987678,46.6730293,2018.0,11,0,0.0,11.0,0.0,0.0,11.0,0.0,0.0,WHO Malaria Threat Map,DOI: 10.3201/eid2803.211499,https://wwwnc.cdc.gov/eid/article/28/3/21-1499_article
MG,MDG,Madagascar,Antsenavolo,-21.39113,48.0455513,2018.0,6,0,0.0,6.0,0.0,0.0,6.0,0.0,0.0,WHO Malaria Threat Map,DOI: 10.3201/eid2803.211499,https://wwwnc.cdc.gov/eid/article/28/3/21-1499_article
MG,MDG,Madagascar,Kianjavato,-21.3803985,47.8659507,2018.0,1,0,0.0,1.0,0.0,0.0,1.0,0.0,0.0,WHO Malaria Threat Map,DOI: 10.3201/eid2803.211499,https://wwwnc.cdc.gov/eid/article/28/3/21-1499_article
MG,MDG,Madagascar,Matanga,-23.5604161,47.4637803,2018.0,3,0,0.0,3.0,0.0,0.0,3.0,0.0,0.0,WHO Malaria Threat Map,DOI: 10.3201/eid2803.211499,https://wwwnc.cdc.gov/eid/article/28/3/21-1499_article
MG,MDG,Madagascar,Vohitromby,-22.136601,47.9476053,2018.0,4,1,0.25,4.0,0.0,0.0,4.0,0.0,0.0,WHO Malaria Threat Map,DOI: 10.3201/eid2803.211499,https://wwwnc.cdc.gov/eid/article/28/3/21-1499_article
MG,MDG,Madagascar,none,,,2018.0,25,1,0.04,25.0,0.0,0.0,25.0,0.0,0.0,WHO Malaria Threat Map,,
ML,MLI,Mali,Bandiagara,14.3492149,-3.6192549,2014.0,11,0,0.0,,,,,,,WHO Malaria Threat Map,PMC3913323,https://malariajournal.biomedcentral.com/articles/10.1186/1475-2875-13-34
ML,MLI,Mali,none,,,2014.0,11,0,0.0,0.0,0.0,,0.0,0.0,,WHO Malaria Threat Map,,
MM,MMR,Myanmar,Kachin State,24.752404,97.5518131,2004.0,138,13,0.09420289855072464,138.0,5.0,0.036231884057971016,138.0,0.0,0.0,WHO Malaria Threat Map,,https://academic.oup.com/jid/advance-article/doi/10.1093/infdis/jiaa250/5835314
MM,MMR,Myanmar,none,,,2004.0,138,13,0.09420289855072464,138.0,5.0,0.036231884057971016,138.0,0.0,0.0,WHO Malaria Threat Map,,
MZ,MOZ,Mozambique,Beira,-19.791083,34.8765,2005.0,19,0,0.0,19.0,0.0,0.0,19.0,0.0,0.0,WHO Malaria Threat Map,PMC3480887,https://www.ncbi.nlm.nih.gov/pubmed/22898068
MZ,MOZ,Mozambique,none,,,2005.0,19,0,0.0,19.0,0.0,0.0,19.0,0.0,0.0,WHO Malaria Threat Map,,
MZ,MOZ,Mozambique,none,,,2018.0,1861,0,0.0,1861.0,0.0,0.0,1861.0,0.0,0.0,WHO Malaria Threat Map,,
MZ,MOZ,Mozambique,,-17.26017363,35.55232281,2018.0,1861,0,0.0,1861.0,0.0,0.0,1861.0,0.0,0.0,WHO Malaria Threat Map,DOI: 10.1128/JCM.00875-19,https://www.ncbi.nlm.nih.gov/pubmed/31270184
NG,NGA,Nigeria,Elata Ibadan,7.3552113,3.9093232,2013.0,66,11,0.16666666666666666,66.0,4.0,0.06060606060606061,66.0,4.0,0.06060606060606061,WHO Malaria Threat Map,PMID: 31103699,https://www.ncbi.nlm.nih.gov/pubmed/31103699
NG,NGA,Nigeria,none,,,2013.0,66,11,0.16666666666666666,66.0,4.0,0.06060606060606061,66.0,4.0,0.06060606060606061,WHO Malaria Threat Map,,
NI,NIC,Nicaragua,North Atlantic Autonomous Region,14.0273395,-85.1594256,2015.0,55,17,0.3090909090909091,55.0,48.0,0.8727272727272727,55.0,11.0,0.2,WHO Malaria Threat Map,PMID: 30170596,https://malariajournal.biomedcentral.com/articles/10.1186/s12936-018-2470-7#Fig1
NI,NIC,Nicaragua,none,,,2015.0,55,17,0.3090909090909091,55.0,48.0,0.8727272727272727,55.0,11.0,0.2,WHO Malaria Threat Map,,
PE,PER,Peru,Loreto,-3.699667, -73.279417,1998.0,46,6,0.13043478260869565,,,,,,,WHO Malaria Threat Map,PMC3786299,https://www.ncbi.nlm.nih.gov/pubmed/24077522
PE,PER,Peru,Loreto,-3.909694,-70.51525,1998.0,36,13,0.3611111111111111,,,,,,,WHO Malaria Threat Map,PMC3786299,https://www.ncbi.nlm.nih.gov/pubmed/24077522
PE,PER,Peru,none,,,1998.0,82,19,0.23170731707317074,0.0,0.0,,0.0,0.0,,WHO Malaria Threat Map,,
PE,PER,Peru,Piura,-5.44025,-80.755222,2001.0,10,0,0.0,,,,,,,WHO Malaria Threat Map,PMC3786299,https://www.ncbi.nlm.nih.gov/pubmed/24077522
PE,PER,Peru,none,,,2001.0,10,0,0.0,0.0,0.0,,0.0,0.0,,WHO Malaria Threat Map,,
PE,PER,Peru,Iquitos,-3.759278, -73.267000,2003.0,114,41,0.35964912280701755,114.0,79.0,0.6929824561403509,114.0,21.0,0.18421052631578946,WHO Malaria Threat Map,PMC2810332,http://journals.plos.org/plosone/article?id=10.1371/journal.pone.0008091
PE,PER,Peru,Loreto,-3.759278,-73.267,2003.0,96,39,0.40625,,,,,,,WHO Malaria Threat Map,PMC3786299,https://www.ncbi.nlm.nih.gov/pubmed/24077522
PE,PER,Peru,none,,,2003.0,210,80,0.38095238095238093,114.0,79.0,0.6929824561403509,114.0,21.0,0.18421052631578946,WHO Malaria Threat Map,,
PE,PER,Peru,Loreto,-5.897167,-76.114694,2004.0,12,6,0.5,12.0,10.0,0.8333333333333334,12.0,4.0,0.3333333333333333,WHO Malaria Threat Map,PMC2810332,http://journals.plos.org/plosone/article?id=10.1371/journal.pone.0008091
PE,PER,Peru,none,,,2004.0,12,6,0.5,12.0,10.0,0.8333333333333334,12.0,4.0,0.3333333333333333,WHO Malaria Threat Map,,
PE,PER,Peru,Cajamarca,-5.712889,-78.7985,2005.0,2,2,1.0,2.0,0.0,0.0,2.0,0.0,0.0,WHO Malaria Threat Map,PMC2810332,http://journals.plos.org/plosone/article?id=10.1371/journal.pone.0008091
PE,PER,Peru,none,,,2005.0,2,2,1.0,2.0,0.0,0.0,2.0,0.0,0.0,WHO Malaria Threat Map,,
PE,PER,Peru,Amazonas,-4.155833, -78.049583,2006.0,5,5,1.0,5.0,1.0,0.2,5.0,1.0,0.2,WHO Malaria Threat Map,PMC2810332,http://journals.plos.org/plosone/article?id=10.1371/journal.pone.0008091
PE,PER,Peru,none,,,2006.0,5,5,1.0,5.0,1.0,0.2,5.0,1.0,0.2,WHO Malaria Threat Map,,
PE,PER,Peru,Iquitos,-3.759278, -73.267000,2007.0,9,8,0.8888888888888888,9.0,4.0,0.4444444444444444,9.0,4.0,0.4444444444444444,WHO Malaria Threat Map,PMC2810332,http://journals.plos.org/plosone/article?id=10.1371/journal.pone.0008091
PE,PER,Peru,Loreto,-4.813361,-76.548944,2007.0,15,7,0.4666666666666667,15.0,13.0,0.8666666666666667,15.0,6.0,0.4,WHO Malaria Threat Map,PMC2810332,http://journals.plos.org/plosone/article?id=10.1371/journal.pone.0008091
PE,PER,Peru,none,,,2007.0,24,15,0.625,24.0,17.0,0.7083333333333334,24.0,10.0,0.4166666666666667,WHO Malaria Threat Map,,
PE,PER,Peru,Atalaya,-3.145614,-73.890953,2009.0,19,0,0.0,19.0,3.0,0.15789473684210525,19.0,0.0,0.0,WHO Malaria Threat Map,,http://pdf.usaid.gov/pdf_docs/PA00JT5W.pdf
PE,PER,Peru,Datem del Marañón,-4.041639,-76.920833,2009.0,2,2,1.0,2.0,2.0,1.0,2.0,2.0,1.0,WHO Malaria Threat Map,,http://pdf.usaid.gov/pdf_docs/PA00JT5W.pdf
PE,PER,Peru,Loreto,-3.909694,-70.51525,2009.0,1,1,1.0,1.0,1.0,1.0,1.0,1.0,1.0,WHO Malaria Threat Map,,http://pdf.usaid.gov/pdf_docs/PA00JT5W.pdf
PE,PER,Peru,Mazan,-3.497028,-73.090722,2009.0,11,3,0.2727272727272727,11.0,7.0,0.6363636363636364,,,,WHO Malaria Threat Map,,http://pdf.usaid.gov/pdf_docs/PA00JT5W.pdf
PE,PER,Peru,Requena,-5.908611,-74.514222,2009.0,11,11,1.0,11.0,11.0,1.0,11.0,11.0,1.0,WHO Malaria Threat Map,,http://pdf.usaid.gov/pdf_docs/PA00JT5W.pdf
PE,PER,Peru,San Juan,-3.768678,-73.257566,2009.0,1,1,1.0,1.0,1.0,1.0,1.0,1.0,1.0,WHO Malaria Threat Map,,http://pdf.usaid.gov/pdf_docs/PA00JT5W.pdf
PE,PER,Peru,Soplin,-6.812799,-74.497971,2009.0,31,8,0.25806451612903225,31.0,17.0,0.5483870967741935,,,,WHO Malaria Threat Map,,http://pdf.usaid.gov/pdf_docs/PA00JT5W.pdf
PE,PER,Peru,Urarinas,-4.895706,-74.649324,2009.0,5,3,0.6,5.0,4.0,0.8,,,,WHO Malaria Threat Map,,http://pdf.usaid.gov/pdf_docs/PA00JT5W.pdf
PE,PER,Peru,Yurimaguas,-5.896444,-76.108444,2009.0,12,2,0.16666666666666666,12.0,4.0,0.3333333333333333,,,,WHO Malaria Threat Map,,http://pdf.usaid.gov/pdf_docs/PA00JT5W.pdf
PE,PER,Peru,none,,,2009.0,93,31,0.3333333333333333,93.0,50.0,0.5376344086021505,34.0,15.0,0.4411764705882353,WHO Malaria Threat Map,,
PE,PER,Peru,Tumbes,-3.601278, -80.478250,2010.0,54,54,1.0,,,,,,,WHO Malaria Threat Map,PMC4412223,https://www.ncbi.nlm.nih.gov/pmc/articles/PMC4412223/
PE,PER,Peru,none,,,2010.0,54,54,1.0,0.0,0.0,,0.0,0.0,,WHO Malaria Threat Map,,
RW,RWA,Rwanda,Kigali,-1.961396,30.105327,2005.0,10,0,0.0,10.0,0.0,0.0,10.0,0.0,0.0,WHO Malaria Threat Map,PMC3480887,https://www.ncbi.nlm.nih.gov/pubmed/22898068
RW,RWA,Rwanda,Nyanza,-2.354806,29.750139,2005.0,5,0,0.0,5.0,0.0,0.0,5.0,0.0,0.0,WHO Malaria Threat Map,PMC3480887,https://www.ncbi.nlm.nih.gov/pubmed/22898068
RW,RWA,Rwanda,none,,,2005.0,15,0,0.0,15.0,0.0,0.0,15.0,0.0,0.0,WHO Malaria Threat Map,,
RW,RWA,Rwanda,Eastern Province,-1.797083,30.503111,2014.0,27,5,0.18518518518518517,,,,,,,WHO Malaria Threat Map,,https://www.ncbi.nlm.nih.gov/pubmed/28320390
RW,RWA,Rwanda,Northern Province,-1.554639,29.540194,2014.0,1,1,1.0,,,,,,,WHO Malaria Threat Map,,https://www.ncbi.nlm.nih.gov/pubmed/28320390
RW,RWA,Rwanda,Southern Province,-2.385694,29.894889,2014.0,110,26,0.23636363636363636,,,,,,,WHO Malaria Threat Map,,https://www.ncbi.nlm.nih.gov/pubmed/28320390
RW,RWA,Rwanda,none,,,2014.0,138,32,0.2318840579710145,0.0,0.0,,0.0,0.0,,WHO Malaria Threat Map,,
RW,RWA,Rwanda,Bugarama,-2.7046946,29.0095283,2018.0,9,0,0.0,9.0,1.0,0.1111111111111111,9.0,0.0,0.0,WHO Malaria Threat Map,DOI: 10.3201/eid2803.211499,https://wwwnc.cdc.gov/eid/article/28/3/21-1499_article
RW,RWA,Rwanda,Masaka,-2.0138746,30.1986903,2018.0,2,0,0.0,2.0,0.0,0.0,2.0,0.0,0.0,WHO Malaria Threat Map,DOI: 10.3201/eid2803.211499,https://wwwnc.cdc.gov/eid/article/28/3/21-1499_article
RW,RWA,Rwanda,Rukura,-1.7993326,30.5025313,2018.0,5,0,0.0,5.0,0.0,0.0,5.0,0.0,0.0,WHO Malaria Threat Map,DOI: 10.3201/eid2803.211499,https://wwwnc.cdc.gov/eid/article/28/3/21-1499_article
RW,RWA,Rwanda,none,,,2018.0,16,0,0.0,16.0,1.0,0.0625,16.0,0.0,0.0,WHO Malaria Threat Map,,
SD,SDN,Sudan,Omdurman city,15.6425158,32.4554885,2018.0,26,9,0.34615384615384615,,,,,,,WHO Malaria Threat Map,PMID: 31186056,https://bmcresnotes.biomedcentral.com/articles/10.1186/s13104-019-4361-6
SD,SDN,Sudan,Western Sudan,12.0521498,24.8394407,2018.0,7,1,0.14285714285714285,,,,,,,WHO Malaria Threat Map,PMC7393171,https://www.ncbi.nlm.nih.gov/pmc/articles/PMC7393171/
SD,SDN,Sudan,none,,,2018.0,33,10,0.30303030303030304,0.0,0.0,,0.0,0.0,,WHO Malaria Threat Map,,
SL,SLE,Sierra Leone,Freetown,8.4882713,-13.2406065,2015.0,13,2,0.15384615384615385,13.0,1.0,0.07692307692307693,13.0,2.0,0.15384615384615385,WHO Malaria Threat Map,https://doi.org/10.4269/ajtmh.22-0073,https://www.ajtmh.org/view/journals/tpmd/106/6/article-p1667.xml#b12
SL,SLE,Sierra Leone,none,,,2015.0,13,2,0.15384615384615385,13.0,1.0,0.07692307692307693,13.0,2.0,0.15384615384615385,WHO Malaria Threat Map,,
SN,SEN,Senegal,Pikine,14.7552617,-17.4044798,2001.0,10,0,0.0,,,,,,,WHO Malaria Threat Map,PMC3913323,https://malariajournal.biomedcentral.com/articles/10.1186/1475-2875-13-34
SN,SEN,Senegal,Thies,14.7887202,-16.9973103,2001.0,40,0,0.0,,,,,,,WHO Malaria Threat Map,PMC3913323,https://malariajournal.biomedcentral.com/articles/10.1186/1475-2875-13-34
SN,SEN,Senegal,Velingara,13.1458915,-14.127946,2001.0,4,0,0.0,,,,,,,WHO Malaria Threat Map,PMC3913323,https://malariajournal.biomedcentral.com/articles/10.1186/1475-2875-13-34
SN,SEN,Senegal,none,,,2001.0,54,0,0.0,0.0,0.0,,0.0,0.0,,WHO Malaria Threat Map,,
SN,SEN,Senegal,Dakar,14.661361,-17.434806,2009.0,125,3,0.024,125.0,16.0,0.128,125.0,2.0,0.016,WHO Malaria Threat Map,PMC3571878,https://malariajournal.biomedcentral.com/articles/10.1186/1475-2875-12-34
SN,SEN,Senegal,none,,,2009.0,125,3,0.024,125.0,16.0,0.128,125.0,2.0,0.016,WHO Malaria Threat Map,,
SR,SUR,Suriname,Paramaribo,5.856472,-55.183722,2009.0,55,0,0.0,55.0,1.0,0.01818181818181818,,,,WHO Malaria Threat Map,PMC4433255,https://www.ncbi.nlm.nih.gov/pubmed/25978499
SR,SUR,Suriname,none,,,2009.0,55,0,0.0,55.0,1.0,0.01818181818181818,0.0,0.0,,WHO Malaria Threat Map,,
SR,SUR,Suriname,Paramaribo,5.856472,-55.183722,2011.0,23,11,0.4782608695652174,23.0,2.0,0.08695652173913043,,,,WHO Malaria Threat Map,PMC4433255,https://www.ncbi.nlm.nih.gov/pubmed/25978499
SR,SUR,Suriname,none,,,2011.0,23,11,0.4782608695652174,23.0,2.0,0.08695652173913043,0.0,0.0,,WHO Malaria Threat Map,,
SS,SSD,South Sudan,Northern Bahr el-Ghazal State,,,2019.0,469,4,0.008528784648187633,469.0,4.0,0.008528784648187633,469.0,3.0,0.006396588486140725,WHO Malaria Threat Map,https://doi.org/10.1186/s12936-022-04280-w,https://malariajournal.biomedcentral.com/articles/10.1186/s12936-022-04280-w
SS,SSD,South Sudan,Yambio County,,,2019.0,518,81,0.15637065637065636,518.0,104.0,0.20077220077220076,518.0,39.0,0.07528957528957529,WHO Malaria Threat Map,https://doi.org/10.3201%2Feid2901.220775,"Plasmodium falciparum pfhrp2 and pfhrp3 Gene Deletions in Malaria-Hyperendemic Region, South Sudan - PMC (nih.gov)"
SS,SSD,South Sudan,none,,,2019.0,987,85,0.08611955420466058,987.0,108.0,0.1094224924012158,987.0,42.0,0.0425531914893617,WHO Malaria Threat Map,,
SZ,SWZ,Eswatini,Lubombo,-26.7851773,31.8107079,2012.0,9,0,0.0,9.0,1.0,0.1111111111111111,9.0,0.0,0.0,WHO Malaria Threat Map,PMC5399938,https://www.ncbi.nlm.nih.gov/pmc/articles/PMC5399938/
SZ,SWZ,Eswatini,none,,,2012.0,9,0,0.0,9.0,1.0,0.1111111111111111,9.0,0.0,0.0,WHO Malaria Threat Map,,
TZ,TZA,Tanzania,Korogwe,-5.161944,38.455972,2005.0,3,0,0.0,3.0,0.0,0.0,3.0,0.0,0.0,WHO Malaria Threat Map,PMC3480887,https://www.ncbi.nlm.nih.gov/pubmed/22898068
TZ,TZA,Tanzania,Teule,-5.168194,38.792444,2005.0,15,0,0.0,15.0,0.0,0.0,15.0,0.0,0.0,WHO Malaria Threat Map,PMC3480887,https://www.ncbi.nlm.nih.gov/pubmed/22898068
TZ,TZA,Tanzania,none,,,2005.0,18,0,0.0,18.0,0.0,0.0,18.0,0.0,0.0,WHO Malaria Threat Map,,
TZ,TZA,Tanzania,Zanzibar,-6.0971567,39.3471823,2010.0,6,0,0.0,,,,,,,WHO Malaria Threat Map,PMC3762850,https://www.ncbi.nlm.nih.gov/pmc/articles/PMC3762850/
TZ,TZA,Tanzania,none,,,2010.0,6,0,0.0,0.0,0.0,,0.0,0.0,,WHO Malaria Threat Map,,
TZ,TZA,Tanzania,Bagamoyo,-6.4449633,38.8825033,2018.0,149,1,0.006711409395973154,149.0,1.0,0.006711409395973154,149.0,0.0,0.0,WHO Malaria Threat Map,PMC7218269,https://www.sciencedirect.com/science/article/pii/S2352396420301328#bib0043
TZ,TZA,Tanzania,Kilimanjaro and Tanga,-4.1336146,37.5878763,2018.0,122,2,0.01639344262295082,122.0,61.0,0.5,122.0,0.0,0.0,WHO Malaria Threat Map,PMCID: PMC8987040,https://www.nature.com/articles/s41598-022-09878-3
TZ,TZA,Tanzania,none,,,2018.0,271,3,0.01107011070110701,271.0,62.0,0.22878228782287824,271.0,0.0,0.0,WHO Malaria Threat Map,,
UG,UGA,Uganda,Mbarare,-0.611694,30.651472,2005.0,5,0,0.0,5.0,0.0,0.0,5.0,0.0,0.0,WHO Malaria Threat Map,PMC3480887,https://www.ncbi.nlm.nih.gov/pubmed/22898068
UG,UGA,Uganda,none,,,2005.0,5,0,0.0,5.0,0.0,0.0,5.0,0.0,0.0,WHO Malaria Threat Map,,
UG,UGA,Uganda,Jinja,0.4454673,33.1796481,2014.0,416,7,0.016826923076923076,416.0,2.0,0.004807692307692308,416.0,2.0,0.004807692307692308,WHO Malaria Threat Map,PMID: 31249999,https://www.ncbi.nlm.nih.gov/pubmed/31249999
UG,UGA,Uganda,Kampala,0.3130293,32.5991254,2014.0,9,0,0.0,,,,,,,WHO Malaria Threat Map,PMC3913323,https://malariajournal.biomedcentral.com/articles/10.1186/1475-2875-13-34
UG,UGA,Uganda,none,,,2014.0,425,7,0.01647058823529412,416.0,2.0,0.004807692307692308,416.0,2.0,0.004807692307692308,WHO Malaria Threat Map,,
UG,UGA,Uganda,Eastern Uganda,1.9737866,33.7308023,2017.0,170,17,0.1,170.0,17.0,0.1,170.0,9.0,0.052941176470588235,WHO Malaria Threat Map,PMC7449024,https://www.ncbi.nlm.nih.gov/pmc/articles/PMC7449024/
UG,UGA,Uganda,National,1.71854,32.5110973,2017.0,330,10,0.030303030303030304,330.0,9.0,0.02727272727272727,330.0,10.0,0.030303030303030304,WHO Malaria Threat Map,PMC7774953,https://www.ncbi.nlm.nih.gov/pmc/articles/PMC7774953/
UG,UGA,Uganda,Wetern Uganda,1.2356017,31.3314487,2017.0,130,3,0.023076923076923078,130.0,2.0,0.015384615384615385,130.0,1.0,0.007692307692307693,WHO Malaria Threat Map,PMC7449024,https://www.ncbi.nlm.nih.gov/pmc/articles/PMC7449024/
UG,UGA,Uganda,none,,,2017.0,630,30,0.047619047619047616,630.0,28.0,0.044444444444444446,630.0,20.0,0.031746031746031744,WHO Malaria Threat Map,,
VN,VNM,Vietnam,Central Highlands,,,2019.0,266,0,0.0,266.0,0.0,0.0,266.0,0.0,0.0,WHO Malaria Threat Map,https://doi.org/10.1186/s12936-022-04399-w,https://malariajournal.biomedcentral.com/articles/10.1186/s12936-022-04399-w
VN,VNM,Vietnam,none,,,2019.0,266,0,0.0,266.0,0.0,0.0,266.0,0.0,0.0,WHO Malaria Threat Map,,
YE,YEM,Yemen,Tehama,14.46,43.15,2014.0,189,9,0.047619047619047616,1.0,0.0,0.0,1.0,0.0,0.0,WHO Malaria Threat Map,,https://parasitesandvectors.biomedcentral.com/articles/10.1186/s13071-015-1008-x
YE,YEM,Yemen,none,,,2014.0,189,9,0.047619047619047616,1.0,0.0,0.0,1.0,0.0,0.0,WHO Malaria Threat Map,,
