"","iso","id_1","region"
"1","MAR",10315846,"Africa"
"2","MAR",10314277,"Africa"
"3","MAR",10316306,"Africa"
"4","DJI",10313203,"Africa"
"5","PRK",10313080,"Asia"
"6","BRA",10316009,"Latin America and the Caribbean"
"7","MAR",10314707,"Africa"
"8","MAR",10313809,"Africa"
"9","MAR",10313800,"Africa"
"10","MRT",10315545,"Africa"
"11","MRT",10315989,"Africa"
"12","MRT",10316188,"Africa"
"13","MRT",10313648,"Africa"
"14","MAR",10313579,"Africa"
"15","MAR",10314721,"Africa"
"16","MAR",10313397,"Africa"
"17","MAR",10312935,"Africa"
"18","MRT",10313587,"Africa"
"19","MRT",10315200,"Africa"
"20","MRT",10316103,"Africa"
"21","MAR",10313792,"Africa"
"22","MAR",10316366,"Africa"
"23","MRT",10312974,"Africa"
"24","MRT",10313942,"Africa"
"25","CPV",10313068,"Africa"
"26","CPV",10316095,"Africa"
"27","MAR",10314922,"Africa"
"28","CPV",10314990,"Africa"
"29","MAR",10315630,"Africa"
"30","MAR",10313934,"Africa"
"31","GNQ",10315169,"Africa"
"32","GNQ",10316118,"Africa"
"33","GNQ",10315162,"Africa"
"34","GNQ",10313108,"Africa"
"35","GNQ",10315598,"Africa"
"36","GNQ",10315502,"Africa"
"37","GNQ",10316356,"Africa"
"38","MRT",10315443,"Africa"
"39","MRT",10313341,"Africa"
"40","MRT",10316317,"Africa"
"41","IND",10315224,"Asia"
"42","KGZ",10314251,"Asia"
"43","MRT",10314325,"Africa"
"44","BRA",10316081,"Latin America and the Caribbean"
"45","BRA",10313542,"Latin America and the Caribbean"
"46","ARM",10314556,"Asia"
"47","SYR",10315362,"Asia"
"48","SYR",10314845,"Asia"
"49","ARM",10315685,"Asia"
"50","SYR",10314983,"Asia"
"51","SYR",10314272,"Asia"
"52","SYR",10314886,"Asia"
"53","SYR",10316257,"Asia"
"54","SYR",10315717,"Asia"
"55","SOM",10313264,"Africa"
"56","ARM",10313890,"Asia"
"57","ARM",10316404,"Asia"
"58","ARM",10313739,"Asia"
"59","SOM",10315513,"Africa"
"60","ARM",10313747,"Asia"
"61","KGZ",10313335,"Asia"
"62","KGZ",10315163,"Asia"
"63","ARM",10315038,"Asia"
"64","ARM",10316084,"Asia"
"65","ARM",10314165,"Asia"
"66","KGZ",10313316,"Asia"
"67","KGZ",10315983,"Asia"
"68","KGZ",10315527,"Asia"
"69","BRA",10314039,"Latin America and the Caribbean"
"70","BRA",10313738,"Latin America and the Caribbean"
"71","BRA",10315901,"Latin America and the Caribbean"
"72","BRA",10313993,"Latin America and the Caribbean"
"73","ARM",10313437,"Asia"
"74","ARM",10314237,"Asia"
"75","SYR",10315671,"Asia"
"76","SYR",10313532,"Asia"
"77","SYR",10315639,"Asia"
"78","BEN",10315599,"Africa"
"79","SYR",10316212,"Asia"
"80","BEN",10313908,"Africa"
"81","SYR",10316213,"Asia"
"82","SYR",10316273,"Asia"
"83","SYR",10313768,"Asia"
"84","TKM",10313623,"Asia"
"85","TKM",10315811,"Asia"
"86","TKM",10315913,"Asia"
"87","TKM",10314637,"Asia"
"88","TKM",10315271,"Asia"
"89","TKM",10315294,"Asia"
"90","OMN",10312972,"Asia"
"91","KGZ",10314328,"Asia"
"92","KGZ",10313201,"Asia"
"93","KGZ",10314485,"Asia"
"94","BRA",10313393,"Latin America and the Caribbean"
"95","BRA",10313001,"Latin America and the Caribbean"
"96","BRA",10316052,"Latin America and the Caribbean"
"97","BRA",10314795,"Latin America and the Caribbean"
"98","BRA",10313290,"Latin America and the Caribbean"
"99","OMN",10315771,"Asia"
"100","OMN",10313457,"Asia"
"101","BRA",10315760,"Latin America and the Caribbean"
"102","BRA",10314948,"Latin America and the Caribbean"
"103","BRA",10315222,"Latin America and the Caribbean"
"104","BRA",10316219,"Latin America and the Caribbean"
"105","BRA",10313787,"Latin America and the Caribbean"
"106","BRA",10315937,"Latin America and the Caribbean"
"107","BRA",10316156,"Latin America and the Caribbean"
"108","BRA",10315374,"Latin America and the Caribbean"
"109","BRA",10315514,"Latin America and the Caribbean"
"110","BRA",10315144,"Latin America and the Caribbean"
"111","BRA",10315622,"Latin America and the Caribbean"
"112","CMR",10315885,"Africa"
"113","CMR",10315127,"Africa"
"114","OMN",10315698,"Asia"
"115","OMN",10316243,"Asia"
"116","OMN",10312885,"Asia"
"117","OMN",10313194,"Asia"
"118","OMN",10314828,"Asia"
"119","OMN",10314809,"Asia"
"120","OMN",10314633,"Asia"
"121","OMN",10314971,"Asia"
"122","BEN",10315835,"Africa"
"123","BEN",10315483,"Africa"
"124","CMR",10314487,"Africa"
"125","CMR",10316034,"Africa"
"126","CMR",10316217,"Africa"
"127","CMR",10314668,"Africa"
"128","CMR",10313797,"Africa"
"129","CMR",10315446,"Africa"
"130","CMR",10316304,"Africa"
"131","CMR",10315130,"Africa"
"132","COD",10316392,"Africa"
"133","COD",10314703,"Africa"
"134","BEN",10312923,"Africa"
"135","COD",10015055,"Africa"
"136","COD",10015054,"Africa"
"137","COD",10015053,"Africa"
"138","COD",10314890,"Africa"
"139","COD",10015050,"Africa"
"140","COD",10015049,"Africa"
"141","COD",10015048,"Africa"
"142","COD",10015051,"Africa"
"143","COD",10015083,"Africa"
"144","BEN",10314689,"Africa"
"145","BEN",10315228,"Africa"
"146","BLZ",10313266,"Latin America and the Caribbean"
"147","COD",10015079,"Africa"
"148","COD",10015080,"Africa"
"149","COD",10015081,"Africa"
"150","COD",10015077,"Africa"
"151","COD",10015078,"Africa"
"152","BEN",10316078,"Africa"
"153","BEN",10314009,"Africa"
"154","BLZ",10313867,"Latin America and the Caribbean"
"155","COD",10015076,"Africa"
"156","COD",10015071,"Africa"
"157","COD",10015068,"Africa"
"158","COD",10015073,"Africa"
"159","BEN",10315943,"Africa"
"160","BEN",10316382,"Africa"
"161","COD",10313185,"Africa"
"162","COD",10015066,"Africa"
"163","COD",10015062,"Africa"
"164","COL",10315902,"Latin America and the Caribbean"
"165","COL",10315082,"Latin America and the Caribbean"
"166","COL",10312942,"Latin America and the Caribbean"
"167","COL",10314265,"Latin America and the Caribbean"
"168","BEN",10313578,"Africa"
"169","BLZ",10313991,"Latin America and the Caribbean"
"170","COL",10314693,"Latin America and the Caribbean"
"171","BLZ",10313586,"Latin America and the Caribbean"
"172","BLZ",10315173,"Latin America and the Caribbean"
"173","CHN",10314958,"Asia"
"174","CHN",10316050,"Asia"
"175","CHN",10313635,"Asia"
"176","CHN",10315116,"Asia"
"177","CHN",10001001,"Asia"
"178","CHN",10313666,"Asia"
"179","CHN",10316279,"Asia"
"180","CHN",10315028,"Asia"
"181","CHN",10314639,"Asia"
"182","CHN",10315518,"Asia"
"183","COL",10314036,"Latin America and the Caribbean"
"184","COL",10314008,"Latin America and the Caribbean"
"185","COL",10314898,"Latin America and the Caribbean"
"186","BLZ",10315383,"Latin America and the Caribbean"
"187","CHN",10314505,"Asia"
"188","CHN",10313565,"Asia"
"189","CHN",10315596,"Asia"
"190","CHN",10316298,"Asia"
"191","CHN",10314242,"Asia"
"192","CHN",10316274,"Asia"
"193","CHN",10315804,"Asia"
"194","CHN",10315312,"Asia"
"195","CHN",10316332,"Asia"
"196","CHN",10313238,"Asia"
"197","CHN",10314335,"Asia"
"198","CHN",10313225,"Asia"
"199","CHN",10313117,"Asia"
"200","CHN",10316173,"Asia"
"201","CHN",10315300,"Asia"
"202","CHN",10315711,"Asia"
"203","CHN",10314526,"Asia"
"204","CHN",10313914,"Asia"
"205","CHN",10313871,"Asia"
"206","CHN",10315910,"Asia"
"207","CHN",10313094,"Asia"
"208","CRI",10316240,"Latin America and the Caribbean"
"209","CRI",10315920,"Latin America and the Caribbean"
"210","CRI",10313498,"Latin America and the Caribbean"
"211","COL",10314136,"Latin America and the Caribbean"
"212","COL",10315718,"Latin America and the Caribbean"
"213","CRI",10316073,"Latin America and the Caribbean"
"214","CRI",10314879,"Latin America and the Caribbean"
"215","CRI",10313691,"Latin America and the Caribbean"
"216","DJI",10313677,"Africa"
"217","COL",10312999,"Latin America and the Caribbean"
"218","CRI",10314966,"Latin America and the Caribbean"
"219","DJI",10312953,"Africa"
"220","COL",10313428,"Latin America and the Caribbean"
"221","COL",10313564,"Latin America and the Caribbean"
"222","COL",10313353,"Latin America and the Caribbean"
"223","COL",10314732,"Latin America and the Caribbean"
"224","COL",10316171,"Latin America and the Caribbean"
"225","COL",10313915,"Latin America and the Caribbean"
"226","COL",10315635,"Latin America and the Caribbean"
"227","COL",10313704,"Latin America and the Caribbean"
"228","COL",10314606,"Latin America and the Caribbean"
"229","COL",10314310,"Latin America and the Caribbean"
"230","COL",10314428,"Latin America and the Caribbean"
"231","DJI",10315724,"Africa"
"232","DJI",10314957,"Africa"
"233","DZA",10314067,"Africa"
"234","DZA",10315049,"Africa"
"235","DZA",10314959,"Africa"
"236","COL",10316408,"Latin America and the Caribbean"
"237","DZA",10314420,"Africa"
"238","DZA",10315143,"Africa"
"239","DZA",10315255,"Africa"
"240","ZAF",10314096,"Africa"
"241","DZA",10313196,"Africa"
"242","DZA",10312879,"Africa"
"243","DZA",10314250,"Africa"
"244","DZA",10316311,"Africa"
"245","DZA",10314580,"Africa"
"246","DZA",10313247,"Africa"
"247","DZA",10313870,"Africa"
"248","DZA",10314474,"Africa"
"249","DZA",10316067,"Africa"
"250","DZA",10315726,"Africa"
"251","DZA",10315248,"Africa"
"252","DZA",10314577,"Africa"
"253","COL",10312924,"Latin America and the Caribbean"
"254","COL",10313002,"Latin America and the Caribbean"
"255","COL",10314286,"Latin America and the Caribbean"
"256","COL",10313855,"Latin America and the Caribbean"
"257","COL",10316026,"Latin America and the Caribbean"
"258","DZA",10314072,"Africa"
"259","DZA",10314031,"Africa"
"260","DZA",10313145,"Africa"
"261","DZA",10315226,"Africa"
"262","COL",10313254,"Latin America and the Caribbean"
"263","DZA",10314202,"Africa"
"264","DZA",10314623,"Africa"
"265","COL",10314925,"Latin America and the Caribbean"
"266","DZA",10315016,"Africa"
"267","GTM",10314711,"Latin America and the Caribbean"
"268","GTM",10313175,"Latin America and the Caribbean"
"269","ZAF",10314893,"Africa"
"270","ZAF",10313486,"Africa"
"271","ZAF",10315266,"Africa"
"272","ZAF",10315889,"Africa"
"273","ZAF",10313378,"Africa"
"274","ZAF",10312888,"Africa"
"275","UMI",10313485,NA
"276","DZA",10313239,"Africa"
"277","GTM",10314264,"Latin America and the Caribbean"
"278","GTM",10314450,"Latin America and the Caribbean"
"279","GTM",10314232,"Latin America and the Caribbean"
"280","DZA",10315392,"Africa"
"281","DZA",10315522,"Africa"
"282","DZA",10312865,"Africa"
"283","DZA",10313491,"Africa"
"284","GTM",10315554,"Latin America and the Caribbean"
"285","GTM",10316163,"Latin America and the Caribbean"
"286","GTM",10313141,"Latin America and the Caribbean"
"287","GTM",10313347,"Latin America and the Caribbean"
"288","GTM",10313863,"Latin America and the Caribbean"
"289","GTM",10313180,"Latin America and the Caribbean"
"290","DZA",10313507,"Africa"
"291","DZA",10314351,"Africa"
"292","GTM",10314927,"Latin America and the Caribbean"
"293","HND",10314622,"Latin America and the Caribbean"
"294","HND",10314994,"Latin America and the Caribbean"
"295","DZA",10315734,"Africa"
"296","DZA",10316275,"Africa"
"297","DZA",10314370,"Africa"
"298","DZA",10314421,"Africa"
"299","DZA",10316324,"Africa"
"300","DZA",10313064,"Africa"
"301","DZA",10314574,"Africa"
"302","DZA",10316162,"Africa"
"303","DZA",10315678,"Africa"
"304","DZA",10313671,"Africa"
"305","DZA",10316185,"Africa"
"306","HND",10316119,"Latin America and the Caribbean"
"307","HND",10313793,"Latin America and the Caribbean"
"308","HND",10314084,"Latin America and the Caribbean"
"309","HND",10314565,"Latin America and the Caribbean"
"310","HND",10314497,"Latin America and the Caribbean"
"311","PAN",10316216,"Latin America and the Caribbean"
"312","DZA",10313629,"Africa"
"313","DZA",10316204,"Africa"
"314","DZA",10313405,"Africa"
"315","DZA",10315600,"Africa"
"316","DZA",10312909,"Africa"
"317","ERI",10313697,"Africa"
"318","ERI",10315807,"Africa"
"319","ERI",10315474,"Africa"
"320","ERI",10316250,"Africa"
"321","ERI",10314142,"Africa"
"322","ERI",10313148,"Africa"
"323","GAB",10315694,"Africa"
"324","GAB",10315674,"Africa"
"325","HTI",10312990,"Latin America and the Caribbean"
"326","HTI",10315267,"Latin America and the Caribbean"
"327","HTI",10313733,"Latin America and the Caribbean"
"328","HTI",10314346,"Latin America and the Caribbean"
"329","HTI",10312933,"Latin America and the Caribbean"
"330","HTI",10314449,"Latin America and the Caribbean"
"331","HTI",10315812,"Latin America and the Caribbean"
"332","IRN",10314384,"Asia"
"333","IRN",10316149,"Asia"
"334","GAB",10313036,"Africa"
"335","GAB",10315314,"Africa"
"336","GAB",10316420,"Africa"
"337","GAB",10315257,"Africa"
"338","GUF",10316041,"Latin America and the Caribbean"
"339","GAB",10315465,"Africa"
"340","GUF",10314281,"Latin America and the Caribbean"
"341","LKA",10822978,"Asia"
"342","LKA",10822979,"Asia"
"343","LKA",10822980,"Asia"
"344","LKA",10822981,"Asia"
"345","LKA",10822982,"Asia"
"346","LKA",10822983,"Asia"
"347","LKA",10822984,"Asia"
"348","LKA",10822985,"Asia"
"349","GAB",10316418,"Africa"
"350","GAB",10313998,"Africa"
"351","LKA",10822986,"Asia"
"352","MWI",10823024,"Africa"
"353","MWI",10823025,"Africa"
"354","MWI",10823026,"Africa"
"355","PRK",10313605,"Asia"
"356","PRK",10315087,"Asia"
"357","PRK",10315959,"Asia"
"358","PRK",10313409,"Asia"
"359","PRK",10313720,"Asia"
"360","PRK",10315593,"Asia"
"361","PRK",10313182,"Asia"
"362","PRK",10314742,"Asia"
"363","SOM",10313728,"Africa"
"364","SOM",10313752,"Africa"
"365","IRN",10315420,"Asia"
"366","IRN",10313375,"Asia"
"367","IRN",10314819,"Asia"
"368","IRN",661577775,"Asia"
"369","PRK",10313751,"Asia"
"370","PRK",10315820,"Asia"
"371","SOM",10313687,"Africa"
"372","IRN",10314834,"Asia"
"373","IRN",10316351,"Asia"
"374","IRN",10314883,"Asia"
"375","IRN",10314709,"Asia"
"376","SOM",10316292,"Africa"
"377","SOM",10313129,"Africa"
"378","SOM",10314518,"Africa"
"379","SOM",10314826,"Africa"
"380","SOM",10313769,"Africa"
"381","SOM",10315933,"Africa"
"382","IRN",10313165,"Asia"
"383","IRN",10316361,"Asia"
"384","IRN",10314683,"Asia"
"385","IRN",10315327,"Asia"
"386","IRN",10314529,"Asia"
"387","IRN",10314163,"Asia"
"388","IRN",10313970,"Asia"
"389","IRN",10313656,"Asia"
"390","IRN",10314902,"Asia"
"391","SOM",10315559,"Africa"
"392","SOM",10313471,"Africa"
"393","SOM",10314367,"Africa"
"394","IRN",10313343,"Asia"
"395","IRN",10314667,"Asia"
"396","IRN",10314724,"Asia"
"397","IRN",10315035,"Asia"
"398","IRN",10316045,"Asia"
"399","IRN",10316191,"Asia"
"400","IRN",10313831,"Asia"
"401","IRN",10316136,"Asia"
"402","SOM",10313250,"Africa"
"403","SOM",10316359,"Africa"
"404","SOM",10315054,"Africa"
"405","SDN",10313631,"Africa"
"406","SDN",10314274,"Africa"
"407","SDN",10315109,"Africa"
"408","SDN",10315790,"Africa"
"409","SDN",10314306,"Africa"
"410","GUY",10315646,"Latin America and the Caribbean"
"411","GUY",10314921,"Latin America and the Caribbean"
"412","IRN",10314706,"Asia"
"413","IRN",10315126,"Asia"
"414","IRN",10314055,"Asia"
"415","KEN",10314353,"Africa"
"416","KEN",10315810,"Africa"
"417","KEN",10313021,"Africa"
"418","SOM",10313506,"Africa"
"419","SSD",10313613,"Africa"
"420","SSD",10314466,"Africa"
"421","SSD",10313964,"Africa"
"422","SSD",10315940,"Africa"
"423","PRY",10313864,"Latin America and the Caribbean"
"424","PRY",10314723,"Latin America and the Caribbean"
"425","PRY",10312874,"Latin America and the Caribbean"
"426","PRY",10312988,"Latin America and the Caribbean"
"427","PRY",10316024,"Latin America and the Caribbean"
"428","PRY",10314078,"Latin America and the Caribbean"
"429","PRY",10315727,"Latin America and the Caribbean"
"430","PRY",10316423,"Latin America and the Caribbean"
"431","SUR",10314913,"Latin America and the Caribbean"
"432","SUR",10313032,"Latin America and the Caribbean"
"433","SUR",10314562,"Latin America and the Caribbean"
"434","SUR",10313924,"Latin America and the Caribbean"
"435","SUR",10315766,"Latin America and the Caribbean"
"436","SUR",10316030,"Latin America and the Caribbean"
"437","KEN",10313305,"Africa"
"438","KEN",10315938,"Africa"
"439","KEN",10312987,"Africa"
"440","KEN",10312858,"Africa"
"441","SSD",10316161,"Africa"
"442","SSD",10313519,"Africa"
"443","SSD",10315322,"Africa"
"444","AGO",10316377,"Africa"
"445","LBR",10316142,"Africa"
"446","KEN",10313684,"Africa"
"447","KEN",10313306,"Africa"
"448","SSD",10316236,"Africa"
"449","SSD",10313478,"Africa"
"450","SSD",10315607,"Africa"
"451","TGO",10314456,"Africa"
"452","TGO",10314427,"Africa"
"453","TGO",10313237,"Africa"
"454","TGO",10315550,"Africa"
"455","TGO",10314344,"Africa"
"456","UZB",10314366,"Asia"
"457","AGO",10314167,"Africa"
"458","AGO",10313102,"Africa"
"459","AZE",10315649,"Asia"
"460","AZE",10313815,"Asia"
"461","AZE",10312957,"Asia"
"462","AZE",10313540,"Asia"
"463","AZE",10314257,"Asia"
"464","AZE",10315884,"Asia"
"465","AZE",10315128,"Asia"
"466","UZB",10313059,"Asia"
"467","UZB",10314308,"Asia"
"468","UZB",10314013,"Asia"
"469","UZB",10314357,"Asia"
"470","UZB",10315775,"Asia"
"471","UZB",10312898,"Asia"
"472","UZB",10313842,"Asia"
"473","UZB",10312931,"Asia"
"474","UZB",10315915,"Asia"
"475","BFA",10313590,"Africa"
"476","BFA",10313557,"Africa"
"477","BFA",10313567,"Africa"
"478","BFA",10313558,"Africa"
"479","BFA",10312946,"Africa"
"480","BFA",10315008,"Africa"
"481","BFA",10313743,"Africa"
"482","BFA",10315770,"Africa"
"483","BFA",10313839,"Africa"
"484","BFA",10313584,"Africa"
"485","BFA",10313146,"Africa"
"486","BFA",10312978,"Africa"
"487","BWA",10314970,"Africa"
"488","UZB",10315350,"Asia"
"489","UZB",10313686,"Asia"
"490","UZB",10315289,"Asia"
"491","BWA",10316008,"Africa"
"492","KEN",10314095,"Africa"
"493","UZB",10313591,"Asia"
"494","SDN",10313715,"Africa"
"495","SDN",10313773,"Africa"
"496","SDN",10316135,"Africa"
"497","SDN",10314619,"Africa"
"498","SDN",10315606,"Africa"
"499","SDN",10316326,"Africa"
"500","BWA",10313299,"Africa"
"501","BWA",10315496,"Africa"
"502","BWA",10315081,"Africa"
"503","BWA",10314131,"Africa"
"504","BWA",10313082,"Africa"
"505","BWA",10316208,"Africa"
"506","BWA",10313749,"Africa"
"507","KEN",10313221,"Africa"
"508","SDN",10315942,"Africa"
"509","SDN",10312861,"Africa"
"510","SDN",10314488,"Africa"
"511","SDN",10314122,"Africa"
"512","SDN",10312915,"Africa"
"513","BWA",10316394,"Africa"
"514","BWA",10315541,"Africa"
"515","BWA",10314588,"Africa"
"516","BWA",10313322,"Africa"
"517","SDN",10313160,"Africa"
"518","SDN",10313109,"Africa"
"519","GUY",10315415,"Latin America and the Caribbean"
"520","GUY",10313387,"Latin America and the Caribbean"
"521","GUY",10315176,"Latin America and the Caribbean"
"522","GUY",10313781,"Latin America and the Caribbean"
"523","KEN",10314583,"Africa"
"524","GUY",10314592,"Latin America and the Caribbean"
"525","GUY",10313349,"Latin America and the Caribbean"
"526","GUY",10312925,"Latin America and the Caribbean"
"527","GUY",10314140,"Latin America and the Caribbean"
"528","PRY",10313310,"Latin America and the Caribbean"
"529","PRY",10312977,"Latin America and the Caribbean"
"530","PRY",10313899,"Latin America and the Caribbean"
"531","PRY",10315264,"Latin America and the Caribbean"
"532","PRY",10315719,"Latin America and the Caribbean"
"533","PRY",10313667,"Latin America and the Caribbean"
"534","PRY",10313911,"Latin America and the Caribbean"
"535","PRY",10313841,"Latin America and the Caribbean"
"536","PRY",10315339,"Latin America and the Caribbean"
"537","PRY",10315814,"Latin America and the Caribbean"
"538","SUR",10314628,"Latin America and the Caribbean"
"539","SUR",10314792,"Latin America and the Caribbean"
"540","SUR",10314442,"Latin America and the Caribbean"
"541","MYT",10313142,"Africa"
"542","MYT",10313361,"Africa"
"543","MYT",10313226,"Africa"
"544","MYT",10313183,"Africa"
"545","KEN",10313251,"Africa"
"546","SUR",10315302,"Latin America and the Caribbean"
"547","AGO",10315785,"Africa"
"548","AGO",10312941,"Africa"
"549","AGO",10312934,"Africa"
"550","AGO",10313678,"Africa"
"551","AGO",10314219,"Africa"
"552","AGO",10315857,"Africa"
"553","AGO",10314162,"Africa"
"554","AGO",10313862,"Africa"
"555","AGO",10314789,"Africa"
"556","AGO",10314049,"Africa"
"557","AGO",10313200,"Africa"
"558","AGO",10315276,"Africa"
"559","AGO",10314519,"Africa"
"560","AGO",10313324,"Africa"
"561","AGO",10313695,"Africa"
"562","AZE",10315968,"Asia"
"563","AZE",10315235,"Asia"
"564","AZE",10314226,"Asia"
"565","BFA",10315529,"Africa"
"566","BWA",10313611,"Africa"
"567","BWA",10314446,"Africa"
"568","BWA",10316384,"Africa"
"569","CPV",10316015,"Africa"
"570","KEN",10313601,"Africa"
"571","KEN",10314661,"Africa"
"572","KEN",10314989,"Africa"
"573","KEN",10316065,"Africa"
"574","KEN",10314769,"Africa"
"575","KEN",10314908,"Africa"
"576","CIV",10316181,"Africa"
"577","CIV",10313698,"Africa"
"578","CIV",10314932,"Africa"
"579","CIV",10314504,"Africa"
"580","CPV",10316070,"Africa"
"581","CIV",10314814,"Africa"
"582","CIV",10315209,"Africa"
"583","CIV",10315887,"Africa"
"584","CIV",10314302,"Africa"
"585","CIV",10316005,"Africa"
"586","CIV",10315042,"Africa"
"587","CIV",10315472,"Africa"
"588","CIV",10314018,"Africa"
"589","CIV",10314379,"Africa"
"590","CIV",10316245,"Africa"
"591","CPV",10315453,"Africa"
"592","MYT",10315609,"Africa"
"593","KEN",10313301,"Africa"
"594","KEN",10314603,"Africa"
"595","CPV",10315552,"Africa"
"596","CPV",10314208,"Africa"
"597","CPV",10314445,"Africa"
"598","CPV",10314907,"Africa"
"599","MYT",10315406,"Africa"
"600","KEN",10313249,"Africa"
"601","CPV",10313495,"Africa"
"602","CPV",10314841,"Africa"
"603","CPV",10315750,"Africa"
"604","CPV",10314301,"Africa"
"605","KEN",10315436,"Africa"
"606","CPV",10314570,"Africa"
"607","CPV",10313391,"Africa"
"608","CPV",10313820,"Africa"
"609","MYT",10313083,"Africa"
"610","CPV",10314311,"Africa"
"611","CPV",10314069,"Africa"
"612","CPV",10314853,"Africa"
"613","CPV",10315216,"Africa"
"614","CPV",10315743,"Africa"
"615","LBR",10315528,"Africa"
"616","MYT",10313616,"Africa"
"617","MYT",10313352,"Africa"
"618","MYT",10316187,"Africa"
"619","MYT",10312871,"Africa"
"620","KEN",10315062,"Africa"
"621","KEN",10313952,"Africa"
"622","LBR",10316179,"Africa"
"623","LBR",10313289,"Africa"
"624","LBR",10315879,"Africa"
"625","KEN",10316335,"Africa"
"626","LBR",10315875,"Africa"
"627","MYT",10315950,"Africa"
"628","MYT",10314070,"Africa"
"629","KEN",10315849,"Africa"
"630","KEN",10313976,"Africa"
"631","LBR",10314832,"Africa"
"632","LBR",10313929,"Africa"
"633","SEN",10313529,"Africa"
"634","SEN",10313505,"Africa"
"635","SEN",10313559,"Africa"
"636","KEN",10314936,"Africa"
"637","KEN",10314006,"Africa"
"638","KEN",10313156,"Africa"
"639","LBR",10316272,"Africa"
"640","LBR",10313657,"Africa"
"641","LBR",10315551,"Africa"
"642","KEN",10313489,"Africa"
"643","KEN",10315098,"Africa"
"644","KEN",10316234,"Africa"
"645","LBR",10315295,"Africa"
"646","LBR",10312936,"Africa"
"647","CAF",10315067,"Africa"
"648","CAF",10314955,"Africa"
"649","LBR",10314040,"Africa"
"650","MYT",10314434,"Africa"
"651","MYT",10315205,"Africa"
"652","SEN",10315544,"Africa"
"653","SEN",10313645,"Africa"
"654","SEN",10315906,"Africa"
"655","SEN",10313606,"Africa"
"656","SEN",10313360,"Africa"
"657","SEN",10315457,"Africa"
"658","SEN",10315633,"Africa"
"659","SEN",10312947,"Africa"
"660","SEN",10315809,"Africa"
"661","SEN",10313138,"Africa"
"662","SEN",10313263,"Africa"
"663","STP",10315290,"Africa"
"664","STP",10313980,"Africa"
"665","CAF",10313244,"Africa"
"666","CAF",10315680,"Africa"
"667","KEN",10316229,"Africa"
"668","KEN",10313999,"Africa"
"669","KEN",10315923,"Africa"
"670","KEN",10313654,"Africa"
"671","KEN",10315840,"Africa"
"672","KEN",10316172,"Africa"
"673","KEN",10315647,"Africa"
"674","SWZ",10313344,"Africa"
"675","SWZ",10314780,"Africa"
"676","CAF",10314686,"Africa"
"677","CAF",10313359,"Africa"
"678","CAF",10312914,"Africa"
"679","CAF",10313418,"Africa"
"680","COG",10313241,"Africa"
"681","SWZ",10314882,"Africa"
"682","TCD",10314751,"Africa"
"683","SWZ",10313025,"Africa"
"684","TCD",10314005,"Africa"
"685","TCD",10313990,"Africa"
"686","TCD",10313659,"Africa"
"687","TCD",10316411,"Africa"
"688","TCD",10313938,"Africa"
"689","KEN",10313285,"Africa"
"690","KEN",10315697,"Africa"
"691","KEN",10315955,"Africa"
"692","TCD",10314630,"Africa"
"693","TCD",10314168,"Africa"
"694","TCD",10315539,"Africa"
"695","TCD",10316049,"Africa"
"696","COG",10312917,"Africa"
"697","COG",10312940,"Africa"
"698","COG",10316044,"Africa"
"699","COG",10313651,"Africa"
"700","COG",10312955,"Africa"
"701","COG",10316373,"Africa"
"702","COG",10315824,"Africa"
"703","TCD",10315083,"Africa"
"704","COG",10315693,"Africa"
"705","KHM",10315311,"Asia"
"706","KHM",10315776,"Asia"
"707","KHM",10313674,"Asia"
"708","KHM",10315291,"Asia"
"709","KHM",10313029,"Asia"
"710","KHM",10313886,"Asia"
"711","KHM",10315501,"Asia"
"712","KHM",10314157,"Asia"
"713","KHM",10312912,"Asia"
"714","KHM",10314223,"Asia"
"715","TCD",10313992,"Africa"
"716","TCD",10315696,"Africa"
"717","TCD",10313256,"Africa"
"718","TCD",10316032,"Africa"
"719","TCD",10315371,"Africa"
"720","TCD",10316362,"Africa"
"721","TCD",10314996,"Africa"
"722","TCD",10314664,"Africa"
"723","TCD",10313679,"Africa"
"724","TCD",10313284,"Africa"
"725","TJK",10315318,"Asia"
"726","TJK",10315547,"Asia"
"727","TJK",10314135,"Asia"
"728","TJK",10316064,"Asia"
"729","TJK",10314100,"Asia"
"730","TUR",10313571,"Asia"
"731","KHM",10313869,"Asia"
"732","KHM",10316164,"Asia"
"733","KHM",10316140,"Asia"
"734","KHM",10313456,"Asia"
"735","KHM",10314363,"Asia"
"736","KHM",10312894,"Asia"
"737","TUR",10314360,"Asia"
"738","TUR",10313745,"Asia"
"739","TUR",10316424,"Asia"
"740","KHM",10314365,"Asia"
"741","KHM",10314928,"Asia"
"742","KHM",10315784,"Asia"
"743","KHM",10315710,"Asia"
"744","KHM",10313517,"Asia"
"745","TUR",10316387,"Asia"
"746","COG",10314451,"Africa"
"747","COG",10315656,"Africa"
"748","COG",10312872,"Africa"
"749","ETH",10314864,"Africa"
"750","TUR",10315856,"Asia"
"751","TUR",10315740,"Asia"
"752","TUR",10312996,"Asia"
"753","ETH",10315220,"Africa"
"754","ETH",10313856,"Africa"
"755","ETH",10314847,"Africa"
"756","KHM",10315138,"Asia"
"757","KHM",10313329,"Asia"
"758","KHM",10314833,"Asia"
"759","KHM",10313951,"Asia"
"760","LAO",10314977,"Asia"
"761","LAO",10314127,"Asia"
"762","LAO",10314738,"Asia"
"763","LAO",10312944,"Asia"
"764","TUR",10313492,"Asia"
"765","TUR",10316123,"Asia"
"766","TUR",10313328,"Asia"
"767","TUR",10314954,"Asia"
"768","TUR",10314244,"Asia"
"769","TUR",10312890,"Asia"
"770","LAO",10313736,"Asia"
"771","TUR",10315981,"Asia"
"772","TUR",10315330,"Asia"
"773","TUR",10316264,"Asia"
"774","TUR",10312880,"Asia"
"775","ETH",10313147,"Africa"
"776","ETH",10314037,"Africa"
"777","ETH",10315893,"Africa"
"778","ETH",10316246,"Africa"
"779","TUR",10315239,"Asia"
"780","TUR",10316017,"Asia"
"781","ETH",10313355,"Africa"
"782","ETH",10316072,"Africa"
"783","ETH",10313464,"Africa"
"784","GEO",10314192,"Asia"
"785","GEO",10313724,"Asia"
"786","TUR",10313381,"Asia"
"787","GEO",10314178,"Asia"
"788","GEO",10314687,"Asia"
"789","GEO",10313242,"Asia"
"790","GEO",10313118,"Asia"
"791","GEO",10313107,"Asia"
"792","GEO",10314688,"Asia"
"793","TUR",10315638,"Asia"
"794","GEO",10315648,"Asia"
"795","GEO",10316016,"Asia"
"796","TUR",10314595,"Asia"
"797","GHA",10315113,"Africa"
"798","GHA",10313233,"Africa"
"799","GHA",10315532,"Africa"
"800","GHA",10314341,"Africa"
"801","GHA",10315061,"Africa"
"802","GHA",10314472,"Africa"
"803","GHA",10316047,"Africa"
"804","GHA",10314282,"Africa"
"805","GHA",10314522,"Africa"
"806","GHA",10315836,"Africa"
"807","GMB",10315687,"Africa"
"808","GMB",10315735,"Africa"
"809","TUR",10313286,"Asia"
"810","TUR",10314551,"Asia"
"811","TUR",10315707,"Asia"
"812","MOZ",10314340,"Africa"
"813","MOZ",10314794,"Africa"
"814","MOZ",10314750,"Africa"
"815","MOZ",10313272,"Africa"
"816","MOZ",10315212,"Africa"
"817","NPL",10313805,"Asia"
"818","NPL",10315591,"Asia"
"819","NPL",10313985,"Asia"
"820","NPL",10314029,"Asia"
"821","NPL",10312964,"Asia"
"822","LAO",10313331,"Asia"
"823","LAO",10313369,"Asia"
"824","LAO",10314350,"Asia"
"825","TUR",10315418,"Asia"
"826","TUR",10313663,"Asia"
"827","LAO",10314836,"Asia"
"828","LAO",10313786,"Asia"
"829","TUR",10313918,"Asia"
"830","LAO",10314856,"Asia"
"831","TUR",10315292,"Asia"
"832","TUR",10315563,"Asia"
"833","TUR",10315721,"Asia"
"834","TUR",10313150,"Asia"
"835","LAO",10315071,"Asia"
"836","LAO",10314299,"Asia"
"837","LAO",10313776,"Asia"
"838","LAO",10316241,"Asia"
"839","TUR",10315459,"Asia"
"840","LAO",10312893,"Asia"
"841","LAO",10313822,"Asia"
"842","LAO",10314046,"Asia"
"843","MEX",10312920,"Latin America and the Caribbean"
"844","TUR",10314821,"Asia"
"845","MEX",10314175,"Latin America and the Caribbean"
"846","MEX",10314566,"Latin America and the Caribbean"
"847","TUR",10314181,"Asia"
"848","TUR",10314377,"Asia"
"849","TUR",10314589,"Asia"
"850","MEX",10315925,"Latin America and the Caribbean"
"851","MEX",10314532,"Latin America and the Caribbean"
"852","MEX",10313524,"Latin America and the Caribbean"
"853","MEX",10315781,"Latin America and the Caribbean"
"854","MEX",10313756,"Latin America and the Caribbean"
"855","MEX",10314309,"Latin America and the Caribbean"
"856","MEX",10313325,"Latin America and the Caribbean"
"857","MEX",10314493,"Latin America and the Caribbean"
"858","TUR",10313729,"Asia"
"859","MEX",10313220,"Latin America and the Caribbean"
"860","MEX",10314964,"Latin America and the Caribbean"
"861","TUR",10315218,"Asia"
"862","TUR",10314438,"Asia"
"863","TUR",10315367,"Asia"
"864","MEX",10315181,"Latin America and the Caribbean"
"865","MEX",10313626,"Latin America and the Caribbean"
"866","MEX",10315688,"Latin America and the Caribbean"
"867","MEX",10316247,"Latin America and the Caribbean"
"868","MEX",10313825,"Latin America and the Caribbean"
"869","MEX",10315018,"Latin America and the Caribbean"
"870","MEX",10313132,"Latin America and the Caribbean"
"871","MEX",10315686,"Latin America and the Caribbean"
"872","TUR",10313274,"Asia"
"873","TUR",10314756,"Asia"
"874","TUR",10315504,"Asia"
"875","MEX",10314725,"Latin America and the Caribbean"
"876","TUR",10316365,"Asia"
"877","TUR",10315829,"Asia"
"878","TUR",10314172,"Asia"
"879","MEX",10316446,"Latin America and the Caribbean"
"880","MEX",10314197,"Latin America and the Caribbean"
"881","TUR",10316057,"Asia"
"882","TUR",10316184,"Asia"
"883","MEX",10316271,"Latin America and the Caribbean"
"884","MEX",10315490,"Latin America and the Caribbean"
"885","MEX",10314891,"Latin America and the Caribbean"
"886","MEX",10315001,"Latin America and the Caribbean"
"887","MLI",10313023,"Africa"
"888","MLI",10315387,"Africa"
"889","MLI",10314404,"Africa"
"890","MLI",10314187,"Africa"
"891","MLI",10314779,"Africa"
"892","MLI",10313801,"Africa"
"893","MLI",10316417,"Africa"
"894","PAN",10314079,"Latin America and the Caribbean"
"895","PAN",10315702,"Latin America and the Caribbean"
"896","PAN",10314330,"Latin America and the Caribbean"
"897","PAN",10313345,"Latin America and the Caribbean"
"898","PER",10312892,"Latin America and the Caribbean"
"899","PER",10313628,"Latin America and the Caribbean"
"900","PER",10315473,"Latin America and the Caribbean"
"901","TUR",10314045,"Asia"
"902","PSE",10315319,"Asia"
"903","PER",10313956,"Latin America and the Caribbean"
"904","PER",10315002,"Latin America and the Caribbean"
"905","TUR",10315619,"Asia"
"906","TUR",10313547,"Asia"
"907","PER",10313685,"Latin America and the Caribbean"
"908","TUR",10315536,"Asia"
"909","TUR",10314952,"Asia"
"910","TUR",10313669,"Asia"
"911","TUR",10313609,"Asia"
"912","TUR",10316200,"Asia"
"913","PER",10313701,"Latin America and the Caribbean"
"914","PER",10313594,"Latin America and the Caribbean"
"915","TUR",10314303,"Asia"
"916","PER",10315426,"Latin America and the Caribbean"
"917","PER",10315677,"Latin America and the Caribbean"
"918","TUR",10315752,"Asia"
"919","TUR",10313893,"Asia"
"920","MLI",10315571,"Africa"
"921","TUR",10314387,"Asia"
"922","MLI",10314141,"Africa"
"923","NAM",10316427,"Africa"
"924","NAM",10315767,"Africa"
"925","NAM",10316360,"Africa"
"926","TUR",10314782,"Asia"
"927","TUR",10314240,"Asia"
"928","ZMB",10314868,"Africa"
"929","ZMB",10313415,"Africa"
"930","TUR",10313887,"Asia"
"931","ZMB",10314963,"Africa"
"932","ZMB",10313551,"Africa"
"933","ZMB",10313039,"Africa"
"934","ZMB",10315723,"Africa"
"935","ZMB",10316195,"Africa"
"936","ZMB",10314120,"Africa"
"937","ZMB",10315666,"Africa"
"938","ZMB",10316165,"Africa"
"939","AFG",10316303,"Asia"
"940","AFG",10313664,"Asia"
"941","AFG",10315985,"Asia"
"942","AFG",10313775,"Asia"
"943","AFG",10313718,"Asia"
"944","AFG",10312910,"Asia"
"945","TUR",10314077,"Asia"
"946","TUR",10314909,"Asia"
"947","TUR",10315151,"Asia"
"948","AFG",10312903,"Asia"
"949","AFG",10314871,"Asia"
"950","AFG",10314437,"Asia"
"951","AFG",10314021,"Asia"
"952","AFG",10314432,"Asia"
"953","AFG",10313764,"Asia"
"954","AFG",10313066,"Asia"
"955","AFG",10313795,"Asia"
"956","AFG",10313034,"Asia"
"957","AFG",10314617,"Asia"
"958","AFG",10315749,"Asia"
"959","AFG",10313948,"Asia"
"960","AFG",10316255,"Asia"
"961","AFG",10313012,"Asia"
"962","AFG",10314655,"Asia"
"963","AFG",10313700,"Asia"
"964","AFG",10313075,"Asia"
"965","TUR",10316376,"Asia"
"966","TUR",10313807,"Asia"
"967","TUR",10315217,"Asia"
"968","TUR",10315993,"Asia"
"969","AFG",10313016,"Asia"
"970","AFG",10314510,"Asia"
"971","AFG",10313624,"Asia"
"972","AFG",10314839,"Asia"
"973","AFG",10313482,"Asia"
"974","AFG",10315627,"Asia"
"975","AFG",10313131,"Asia"
"976","AFG",10315009,"Asia"
"977","AFG",10314470,"Asia"
"978","AFG",10316393,"Asia"
"979","AFG",10314066,"Asia"
"980","BTN",10313909,"Asia"
"981","BTN",10315238,"Asia"
"982","BTN",10315065,"Asia"
"983","BTN",10313866,"Asia"
"984","TUR",10315715,"Asia"
"985","BTN",10314316,"Asia"
"986","BTN",10315869,"Asia"
"987","BTN",10315952,"Asia"
"988","BTN",10313436,"Asia"
"989","BTN",10313858,"Asia"
"990","TUR",10316043,"Asia"
"991","BTN",10315805,"Asia"
"992","BTN",10314224,"Asia"
"993","BTN",10316077,"Asia"
"994","BTN",10315047,"Asia"
"995","BTN",10316091,"Asia"
"996","TUR",10313933,"Asia"
"997","BTN",10314862,"Asia"
"998","BTN",10313711,"Asia"
"999","BTN",10314035,"Asia"
"1000","BTN",10313204,"Asia"
"1001","BTN",10316063,"Asia"
"1002","BTN",10313120,"Asia"
"1003","CAF",10313901,"Africa"
"1004","NAM",10315244,"Africa"
"1005","NAM",10313531,"Africa"
"1006","NAM",10315967,"Africa"
"1007","TUR",10314201,"Asia"
"1008","UMI",10315270,NA
"1009","PER",10313988,"Latin America and the Caribbean"
"1010","PER",10314699,"Latin America and the Caribbean"
"1011","PER",10313955,"Latin America and the Caribbean"
"1012","PER",10314982,"Latin America and the Caribbean"
"1013","PER",10314965,"Latin America and the Caribbean"
"1014","PER",10312982,"Latin America and the Caribbean"
"1015","TUR",10315196,"Asia"
"1016","TUR",10315242,"Asia"
"1017","TUR",10312889,"Asia"
"1018","PER",10316120,"Latin America and the Caribbean"
"1019","PER",10316426,"Latin America and the Caribbean"
"1020","PER",10313971,"Latin America and the Caribbean"
"1021","TUR",10313708,"Asia"
"1022","PER",10315524,"Latin America and the Caribbean"
"1023","PER",10314034,"Latin America and the Caribbean"
"1024","PER",10312868,"Latin America and the Caribbean"
"1025","PER",10312901,"Latin America and the Caribbean"
"1026","CAF",10314722,"Africa"
"1027","CAF",10314051,"Africa"
"1028","CAF",10314279,"Africa"
"1029","CAF",10313219,"Africa"
"1030","CAF",10316170,"Africa"
"1031","CAF",10315560,"Africa"
"1032","CAF",10313441,"Africa"
"1033","CAF",10313758,"Africa"
"1034","GEO",10313845,"Asia"
"1035","GEO",10315219,"Asia"
"1036","GMB",10315182,"Africa"
"1037","YEM",10315597,"Asia"
"1038","GMB",10314195,"Africa"
"1039","GMB",10315523,"Africa"
"1040","IRQ",10315821,"Asia"
"1041","IRQ",10314324,"Asia"
"1042","BDI",10313228,"Africa"
"1043","BDI",10316028,"Africa"
"1044","BDI",10314399,"Africa"
"1045","BDI",10314642,"Africa"
"1046","BDI",10313213,"Africa"
"1047","BDI",10314593,"Africa"
"1048","BDI",10313868,"Africa"
"1049","BDI",10315401,"Africa"
"1050","BDI",10316098,"Africa"
"1051","BDI",10315700,"Africa"
"1052","BDI",10314159,"Africa"
"1053","BDI",10313972,"Africa"
"1054","BDI",10314149,"Africa"
"1055","UGA",10823028,"Africa"
"1056","UGA",10314507,"Africa"
"1057","UGA",10823030,"Africa"
"1058","UGA",10823032,"Africa"
"1059","IRQ",10315422,"Asia"
"1060","UGA",10823033,"Africa"
"1061","UGA",10823034,"Africa"
"1062","UGA",10823035,"Africa"
"1063","UGA",10313076,"Africa"
"1064","UGA",10823036,"Africa"
"1065","UGA",10316295,"Africa"
"1066","UGA",10823039,"Africa"
"1067","UGA",10823041,"Africa"
"1068","UGA",10823042,"Africa"
"1069","UGA",10823043,"Africa"
"1070","UGA",10823044,"Africa"
"1071","UGA",10314999,"Africa"
"1072","UGA",10314457,"Africa"
"1073","IRQ",10316129,"Asia"
"1074","IRQ",10315799,"Asia"
"1075","IRQ",10314861,"Asia"
"1076","IRQ",10315962,"Asia"
"1077","UGA",10823048,"Africa"
"1078","UGA",10823049,"Africa"
"1079","UGA",10823046,"Africa"
"1080","UGA",10313414,"Africa"
"1081","UGA",10314207,"Africa"
"1082","IRQ",10315956,"Asia"
"1083","IRQ",10315304,"Asia"
"1084","IRQ",10314475,"Asia"
"1085","IRQ",10314010,"Asia"
"1086","IRQ",10316285,"Asia"
"1087","IRQ",10313197,"Asia"
"1088","IRQ",10314517,"Asia"
"1089","IRQ",10313676,"Asia"
"1090","IRQ",10316037,"Asia"
"1091","UGA",10823053,"Africa"
"1092","UGA",10313509,"Africa"
"1093","UGA",10314754,"Africa"
"1094","UGA",10315657,"Africa"
"1095","UGA",10823054,"Africa"
"1096","UGA",10823055,"Africa"
"1097","UGA",10314003,"Africa"
"1098","UGA",10313255,"Africa"
"1099","UGA",10314674,"Africa"
"1100","UGA",10315905,"Africa"
"1101","UGA",10313528,"Africa"
"1102","UGA",10823083,"Africa"
"1103","UGA",10316258,"Africa"
"1104","UGA",10823059,"Africa"
"1105","UGA",10823060,"Africa"
"1106","UGA",10313453,"Africa"
"1107","UGA",10315461,"Africa"
"1108","UGA",10823061,"Africa"
"1109","IRQ",10316369,"Asia"
"1110","IRQ",10315839,"Asia"
"1111","MOZ",10313336,"Africa"
"1112","MOZ",10315818,"Africa"
"1113","MOZ",10315859,"Africa"
"1114","MOZ",10314211,"Africa"
"1115","MOZ",10316291,"Africa"
"1116","YEM",10314972,"Asia"
"1117","UGA",10823064,"Africa"
"1118","UGA",10316350,"Africa"
"1119","UGA",10823065,"Africa"
"1120","UGA",10823067,"Africa"
"1121","UGA",10823068,"Africa"
"1122","UGA",10314767,"Africa"
"1123","UGA",10315830,"Africa"
"1124","YEM",10315838,"Asia"
"1125","UGA",10315476,"Africa"
"1126","UGA",10316334,"Africa"
"1127","UGA",10313003,"Africa"
"1128","UGA",10315326,"Africa"
"1129","UGA",10314946,"Africa"
"1130","UGA",10314734,"Africa"
"1131","UGA",10823072,"Africa"
"1132","UGA",10315285,"Africa"
"1133","UGA",10823074,"Africa"
"1134","UGA",10823075,"Africa"
"1135","UGA",10314702,"Africa"
"1136","UGA",10823076,"Africa"
"1137","UGA",10823038,"Africa"
"1138","UGA",10823077,"Africa"
"1139","UGA",10823069,"Africa"
"1140","UGA",10823079,"Africa"
"1141","YEM",10313562,"Asia"
"1142","UGA",10823080,"Africa"
"1143","UGA",10315488,"Africa"
"1144","UGA",10823081,"Africa"
"1145","UGA",10315431,"Africa"
"1146","UGA",10313071,"Africa"
"1147","UGA",10313044,"Africa"
"1148","UGA",10315234,"Africa"
"1149","UGA",10823084,"Africa"
"1150","YEM",10314236,"Asia"
"1151","YEM",10314874,"Asia"
"1152","UGA",10823052,"Africa"
"1153","UGA",10823070,"Africa"
"1154","UGA",10823063,"Africa"
"1155","UGA",10315890,"Africa"
"1156","UGA",10313550,"Africa"
"1157","UGA",10315676,"Africa"
"1158","UGA",10823051,"Africa"
"1159","UGA",10313327,"Africa"
"1160","UGA",10314676,"Africa"
"1161","YEM",10314289,"Asia"
"1162","YEM",10314776,"Asia"
"1163","UGA",10316089,"Africa"
"1164","UGA",10823050,"Africa"
"1165","UGA",10313662,"Africa"
"1166","UGA",10314319,"Africa"
"1167","UGA",10823062,"Africa"
"1168","UGA",10823078,"Africa"
"1169","UGA",10823058,"Africa"
"1170","UGA",10823082,"Africa"
"1171","UGA",10315464,"Africa"
"1172","UGA",10823066,"Africa"
"1173","UGA",10315170,"Africa"
"1174","YEM",10313744,"Asia"
"1175","YEM",10315269,"Asia"
"1176","YEM",10315703,"Asia"
"1177","YEM",10312891,"Asia"
"1178","YEM",10316244,"Asia"
"1179","YEM",10315310,"Asia"
"1180","YEM",10313607,"Asia"
"1181","UGA",10316322,"Africa"
"1182","UGA",10823071,"Africa"
"1183","UGA",10316336,"Africa"
"1184","UGA",10313332,"Africa"
"1185","NER",10313894,"Africa"
"1186","RWA",10315395,"Africa"
"1187","RWA",10314811,"Africa"
"1188","RWA",10316146,"Africa"
"1189","RWA",10313819,"Africa"
"1190","RWA",10316343,"Africa"
"1191","SLV",10315670,"Latin America and the Caribbean"
"1192","YEM",10314918,"Asia"
"1193","ARG",10313333,"Latin America and the Caribbean"
"1194","ARG",10313049,"Latin America and the Caribbean"
"1195","ARG",10315166,"Latin America and the Caribbean"
"1196","ARG",10313625,"Latin America and the Caribbean"
"1197","ARG",10313280,"Latin America and the Caribbean"
"1198","ARG",10313660,"Latin America and the Caribbean"
"1199","ARG",10314500,"Latin America and the Caribbean"
"1200","ARG",10316312,"Latin America and the Caribbean"
"1201","ARG",10316357,"Latin America and the Caribbean"
"1202","ARG",10314715,"Latin America and the Caribbean"
"1203","ARG",10313497,"Latin America and the Caribbean"
"1204","ARG",10312919,"Latin America and the Caribbean"
"1205","ARG",10313585,"Latin America and the Caribbean"
"1206","ARG",10314285,"Latin America and the Caribbean"
"1207","ARG",10314598,"Latin America and the Caribbean"
"1208","SLV",10313304,"Latin America and the Caribbean"
"1209","SLV",10316155,"Latin America and the Caribbean"
"1210","SLV",10313742,"Latin America and the Caribbean"
"1211","SLV",10315092,"Latin America and the Caribbean"
"1212","SLV",10314797,"Latin America and the Caribbean"
"1213","SLV",10313442,"Latin America and the Caribbean"
"1214","YEM",10315924,"Asia"
"1215","YEM",10313123,"Asia"
"1216","YEM",10316121,"Asia"
"1217","ARG",10315500,"Latin America and the Caribbean"
"1218","ARG",10312963,"Latin America and the Caribbean"
"1219","ARG",10313099,"Latin America and the Caribbean"
"1220","ARG",10313462,"Latin America and the Caribbean"
"1221","ARG",10314081,"Latin America and the Caribbean"
"1222","ARG",10313100,"Latin America and the Caribbean"
"1223","YEM",10315883,"Asia"
"1224","YEM",10316040,"Asia"
"1225","ARG",10312970,"Latin America and the Caribbean"
"1226","BOL",10313527,"Latin America and the Caribbean"
"1227","ZWE",10314646,"Africa"
"1228","ZWE",10315084,"Africa"
"1229","ZWE",10314375,"Africa"
"1230","ZWE",10314247,"Africa"
"1231","ZWE",10315833,"Africa"
"1232","ZWE",10316069,"Africa"
"1233","ZWE",10314859,"Africa"
"1234","ZWE",10314690,"Africa"
"1235","ZWE",10315089,"Africa"
"1236","ZWE",10314196,"Africa"
"1237","BDI",10315333,"Africa"
"1238","BDI",10313210,"Africa"
"1239","BDI",10315892,"Africa"
"1240","BDI",10316131,"Africa"
"1241","UGA",10315134,"Africa"
"1242","BOL",10315583,"Latin America and the Caribbean"
"1243","BOL",10313364,"Latin America and the Caribbean"
"1244","BOL",10315455,"Latin America and the Caribbean"
"1245","BOL",10313523,"Latin America and the Caribbean"
"1246","BOL",10314796,"Latin America and the Caribbean"
"1247","BOL",10313171,"Latin America and the Caribbean"
"1248","BOL",10313365,"Latin America and the Caribbean"
"1249","BOL",10314512,"Latin America and the Caribbean"
"1250","BRA",10314125,"Latin America and the Caribbean"
"1251","UGA",10823047,"Africa"
"1252","UGA",10313260,"Africa"
"1253","UGA",10823073,"Africa"
"1254","UGA",10313723,"Africa"
"1255","UGA",10823037,"Africa"
"1256","UGA",10313603,"Africa"
"1257","UGA",10823045,"Africa"
"1258","UGA",10823040,"Africa"
"1259","UGA",10313202,"Africa"
"1260","UGA",10314071,"Africa"
"1261","UGA",10823056,"Africa"
"1262","UGA",10315699,"Africa"
"1263","UGA",10823029,"Africa"
"1264","UGA",10313802,"Africa"
"1265","UGA",10314652,"Africa"
"1266","PAK",10314390,"Asia"
"1267","PAK",10313084,"Asia"
"1268","ARG",10315493,"Latin America and the Caribbean"
"1269","GTM",10312875,"Latin America and the Caribbean"
"1270","GTM",10315006,"Latin America and the Caribbean"
"1271","GTM",10315451,"Latin America and the Caribbean"
"1272","GTM",10316391,"Latin America and the Caribbean"
"1273","SLV",10315129,"Latin America and the Caribbean"
"1274","GTM",10315794,"Latin America and the Caribbean"
"1275","GTM",10313508,"Latin America and the Caribbean"
"1276","GTM",10315508,"Latin America and the Caribbean"
"1277","GTM",10316319,"Latin America and the Caribbean"
"1278","GTM",10313430,"Latin America and the Caribbean"
"1279","GTM",10315251,"Latin America and the Caribbean"
"1280","HND",10314511,"Latin America and the Caribbean"
"1281","HND",10312886,"Latin America and the Caribbean"
"1282","HND",10313553,"Latin America and the Caribbean"
"1283","HND",10316101,"Latin America and the Caribbean"
"1284","HND",10312945,"Latin America and the Caribbean"
"1285","HND",10315469,"Latin America and the Caribbean"
"1286","SLV",10313243,"Latin America and the Caribbean"
"1287","SLV",10316449,"Latin America and the Caribbean"
"1288","SLV",10312948,"Latin America and the Caribbean"
"1289","SLV",10314524,"Latin America and the Caribbean"
"1290","SLV",10314284,"Latin America and the Caribbean"
"1291","SLV",10312862,"Latin America and the Caribbean"
"1292","TLS",10314422,"Asia"
"1293","TLS",10314380,"Asia"
"1294","TLS",10314837,"Asia"
"1295","TLS",10314813,"Asia"
"1296","TLS",10315225,"Asia"
"1297","TLS",10315861,"Asia"
"1298","TLS",10314342,"Asia"
"1299","TLS",10315347,"Asia"
"1300","TLS",10315507,"Asia"
"1301","TLS",10316055,"Asia"
"1302","TLS",10315623,"Asia"
"1303","TLS",10315213,"Asia"
"1304","TLS",10313588,"Asia"
"1305","HND",10315966,"Latin America and the Caribbean"
"1306","HND",10315306,"Latin America and the Caribbean"
"1307","HND",10314213,"Latin America and the Caribbean"
"1308","HTI",10315386,"Latin America and the Caribbean"
"1309","HTI",10313465,"Latin America and the Caribbean"
"1310","HTI",10313163,"Latin America and the Caribbean"
"1311","NAM",10313978,"Africa"
"1312","NAM",10314354,"Africa"
"1313","NAM",10316178,"Africa"
"1314","NAM",10316198,"Africa"
"1315","NAM",10313710,"Africa"
"1316","NAM",10315179,"Africa"
"1317","NAM",10316266,"Africa"
"1318","NER",10313538,"Africa"
"1319","NER",10313423,"Africa"
"1320","ZAF",10313804,"Africa"
"1321","ZAF",10314313,"Africa"
"1322","NER",10313875,"Africa"
"1323","NER",10316333,"Africa"
"1324","NER",10315152,"Africa"
"1325","NER",10313880,"Africa"
"1326","NER",10314266,"Africa"
"1327","PER",10316059,"Latin America and the Caribbean"
"1328","PER",10314129,"Latin America and the Caribbean"
"1329","UMI",10314027,NA
"1330","UMI",10314509,NA
"1331","SAU",10313693,"Asia"
"1332","SAU",10314133,"Asia"
"1333","SAU",10315736,"Asia"
"1334","SAU",10315358,"Asia"
"1335","SAU",10314758,"Asia"
"1336","SAU",10313356,"Asia"
"1337","SAU",10315742,"Asia"
"1338","SAU",10313904,"Asia"
"1339","SAU",10312897,"Asia"
"1340","SAU",10315268,"Asia"
"1341","SAU",10315944,"Asia"
"1342","SAU",10314533,"Asia"
"1343","SAU",10316197,"Asia"
"1344","TZA",10315526,"Africa"
"1345","UMI",10314634,NA
"1346","UMI",10313950,NA
"1347","UMI",10312950,NA
"1348","TZA",10316307,"Africa"
"1349","UMI",10314768,NA
"1350","TZA",10313644,"Africa"
"1351","TZA",10314605,"Africa"
"1352","TZA",10313017,"Africa"
"1353","TZA",10313035,"Africa"
"1354","TZA",10314538,"Africa"
"1355","TZA",10313079,"Africa"
"1356","TZA",10316433,"Africa"
"1357","TZA",10313018,"Africa"
"1358","TZA",10316139,"Africa"
"1359","TZA",10314026,"Africa"
"1360","TZA",10314717,"Africa"
"1361","TZA",10314691,"Africa"
"1362","TZA",10313466,"Africa"
"1363","TZA",10313296,"Africa"
"1364","TZA",10314671,"Africa"
"1365","TZA",10313461,"Africa"
"1366","TZA",10313259,"Africa"
"1367","TZA",10314956,"Africa"
"1368","TZA",10313760,"Africa"
"1369","TZA",10313746,"Africa"
"1370","TZA",10315939,"Africa"
"1371","TZA",10314546,"Africa"
"1372","TZA",10316111,"Africa"
"1373","VNM",10313824,"Asia"
"1374","VNM",10316199,"Asia"
"1375","VNM",10315336,"Asia"
"1376","PSE",10315246,"Asia"
"1377","UMI",10313419,NA
"1378","PAN",10315782,"Latin America and the Caribbean"
"1379","PAN",10316385,"Latin America and the Caribbean"
"1380","PAN",10316023,"Latin America and the Caribbean"
"1381","PAN",10314899,"Latin America and the Caribbean"
"1382","PAN",10315215,"Latin America and the Caribbean"
"1383","PAN",10314704,"Latin America and the Caribbean"
"1384","PAN",10314787,"Latin America and the Caribbean"
"1385","ARG",10315456,"Latin America and the Caribbean"
"1386","BRA",10315023,"Latin America and the Caribbean"
"1387","BRA",10314188,"Latin America and the Caribbean"
"1388","BRA",10315232,"Latin America and the Caribbean"
"1389","COL",10316110,"Latin America and the Caribbean"
"1390","COL",10315845,"Latin America and the Caribbean"
"1391","HND",10315359,"Latin America and the Caribbean"
"1392","HND",10315643,"Latin America and the Caribbean"
"1393","KEN",10313703,"Africa"
"1394","KEN",10313906,"Africa"
"1395","KEN",10313339,"Africa"
"1396","MEX",10313404,"Latin America and the Caribbean"
"1397","MEX",10315448,"Latin America and the Caribbean"
"1398","MEX",10314235,"Latin America and the Caribbean"
"1399","MEX",10314793,"Latin America and the Caribbean"
"1400","MMR",10315616,"Asia"
"1401","MMR",10822976,"Asia"
"1402","MMR",10313455,"Asia"
"1403","MMR",10314329,"Asia"
"1404","MMR",10314981,"Asia"
"1405","MMR",10822973,"Asia"
"1406","MMR",10822975,"Asia"
"1407","MMR",10822974,"Asia"
"1408","MMR",10315997,"Asia"
"1409","MMR",10315195,"Asia"
"1410","MMR",10313090,"Asia"
"1411","MMR",10822977,"Asia"
"1412","MMR",10314660,"Asia"
"1413","MMR",10313394,"Asia"
"1414","MMR",10314875,"Asia"
"1415","MMR",10314906,"Asia"
"1416","MMR",10314827,"Asia"
"1417","MMR",10313917,"Asia"
"1418","TZA",10312965,"Africa"
"1419","TZA",10314762,"Africa"
"1420","TZA",10313694,"Africa"
"1421","TZA",10314271,"Africa"
"1422","TZA",10315935,"Africa"
"1423","VUT",10315349,"Oceania"
"1424","VUT",10313092,"Oceania"
"1425","VUT",10316019,"Oceania"
"1426","VUT",10314591,"Oceania"
"1427","VUT",10316122,"Oceania"
"1428","VNM",10315141,"Asia"
"1429","VNM",10313093,"Asia"
"1430","VNM",10312994,"Asia"
"1431","VUT",10315662,"Oceania"
"1432","VNM",10312864,"Asia"
"1433","VNM",10314805,"Asia"
"1434","VNM",10313982,"Asia"
"1435","VNM",10313593,"Asia"
"1436","VNM",10314961,"Asia"
"1437","VNM",10314255,"Asia"
"1438","VNM",10314123,"Asia"
"1439","VNM",10314205,"Asia"
"1440","VNM",10314484,"Asia"
"1441","VNM",10312981,"Asia"
"1442","VNM",10313416,"Asia"
"1443","VNM",10314270,"Asia"
"1444","VNM",10315410,"Asia"
"1445","VNM",10316054,"Asia"
"1446","VNM",10314194,"Asia"
"1447","VNM",10314740,"Asia"
"1448","VNM",10314057,"Asia"
"1449","VNM",10315072,"Asia"
"1450","VNM",10316201,"Asia"
"1451","VNM",10315340,"Asia"
"1452","VNM",10314204,"Asia"
"1453","VNM",10313785,"Asia"
"1454","VNM",10315101,"Asia"
"1455","VNM",10313614,"Asia"
"1456","VNM",10314645,"Asia"
"1457","VNM",10315059,"Asia"
"1458","VNM",10316210,"Asia"
"1459","VNM",10316300,"Asia"
"1460","VNM",10315850,"Asia"
"1461","VNM",10315864,"Asia"
"1462","VNM",10313073,"Asia"
"1463","VNM",10315481,"Asia"
"1464","VNM",10315262,"Asia"
"1465","VNM",10313572,"Asia"
"1466","VNM",10316157,"Asia"
"1467","VNM",10314790,"Asia"
"1468","VNM",10313598,"Asia"
"1469","VNM",10313615,"Asia"
"1470","VNM",10315921,"Asia"
"1471","VNM",10315468,"Asia"
"1472","VNM",10313297,"Asia"
"1473","VNM",10315356,"Asia"
"1474","VNM",10316431,"Asia"
"1475","VNM",10315299,"Asia"
"1476","VNM",10314068,"Asia"
"1477","VNM",10314054,"Asia"
"1478","VNM",10314915,"Asia"
"1479","VNM",10314176,"Asia"
"1480","VNM",10313037,"Asia"
"1481","VNM",10316329,"Asia"
"1482","VNM",10314376,"Asia"
"1483","VNM",10316328,"Asia"
"1484","VNM",10315132,"Asia"
"1485","VNM",10315210,"Asia"
"1486","VNM",10312882,"Asia"
"1487","VNM",10315160,"Asia"
"1488","VNM",10313596,"Asia"
"1489","PAK",10314409,"Asia"
"1490","PAK",10313555,"Asia"
"1491","SLE",10315728,"Africa"
"1492","ECU",10312922,"Latin America and the Caribbean"
"1493","ECU",10315317,"Latin America and the Caribbean"
"1494","ECU",10316281,"Latin America and the Caribbean"
"1495","ECU",10312902,"Latin America and the Caribbean"
"1496","ECU",10316160,"Latin America and the Caribbean"
"1497","ECU",10313077,"Latin America and the Caribbean"
"1498","ECU",10315642,"Latin America and the Caribbean"
"1499","PAK",10315773,"Asia"
"1500","PAK",10314663,"Asia"
"1501","PAK",10316085,"Asia"
"1502","PAK",10314997,"Asia"
"1503","ECU",10313835,"Latin America and the Caribbean"
"1504","ECU",10313621,"Latin America and the Caribbean"
"1505","ECU",10314414,"Latin America and the Caribbean"
"1506","ECU",10314314,"Latin America and the Caribbean"
"1507","ECU",10315772,"Latin America and the Caribbean"
"1508","ECU",10315075,"Latin America and the Caribbean"
"1509","ECU",10313545,"Latin America and the Caribbean"
"1510","ECU",10313429,"Latin America and the Caribbean"
"1511","ECU",10314670,"Latin America and the Caribbean"
"1512","ECU",10313013,"Latin America and the Caribbean"
"1513","ECU",10316126,"Latin America and the Caribbean"
"1514","ECU",10316190,"Latin America and the Caribbean"
"1515","ECU",10313121,"Latin America and the Caribbean"
"1516","ECU",10316107,"Latin America and the Caribbean"
"1517","ECU",10315945,"Latin America and the Caribbean"
"1518","GIN",10313882,"Africa"
"1519","GIN",10315509,"Africa"
"1520","GIN",10313074,"Africa"
"1521","GIN",10316006,"Africa"
"1522","GIN",10314339,"Africa"
"1523","GIN",10315826,"Africa"
"1524","ECU",10313851,"Latin America and the Caribbean"
"1525","ECU",10315769,"Latin America and the Caribbean"
"1526","NGA",10314910,"Africa"
"1527","NGA",10314662,"Africa"
"1528","THA",10315197,"Asia"
"1529","THA",10313177,"Asia"
"1530","THA",10313552,"Asia"
"1531","THA",10314539,"Asia"
"1532","THA",10313323,"Asia"
"1533","THA",10313096,"Asia"
"1534","THA",10314007,"Asia"
"1535","THA",10315005,"Asia"
"1536","THA",10315816,"Asia"
"1537","THA",10316211,"Asia"
"1538","THA",10312960,"Asia"
"1539","THA",10315315,"Asia"
"1540","THA",10314025,"Asia"
"1541","THA",10314582,"Asia"
"1542","THA",10316114,"Asia"
"1543","THA",10313212,"Asia"
"1544","THA",10315020,"Asia"
"1545","GIN",10314312,"Africa"
"1546","GIN",10315690,"Africa"
"1547","SLE",10316194,"Africa"
"1548","SLE",10314221,"Africa"
"1549","SLE",10314190,"Africa"
"1550","NGA",10315512,"Africa"
"1551","NGA",10316414,"Africa"
"1552","NGA",10314496,"Africa"
"1553","NGA",10312979,"Africa"
"1554","NGA",10315654,"Africa"
"1555","THA",10315280,"Asia"
"1556","THA",10313846,"Asia"
"1557","THA",10316182,"Asia"
"1558","NGA",10312921,"Africa"
"1559","THA",10313878,"Asia"
"1560","THA",10313481,"Asia"
"1561","THA",10314028,"Asia"
"1562","PHL",10313227,"Asia"
"1563","PHL",10315366,"Asia"
"1564","NGA",10315631,"Africa"
"1565","NGA",10315174,"Africa"
"1566","NGA",10315577,"Africa"
"1567","THA",10313634,"Asia"
"1568","THA",10314697,"Asia"
"1569","THA",10316228,"Asia"
"1570","THA",10315100,"Asia"
"1571","NGA",10313923,"Africa"
"1572","NGA",10315851,"Africa"
"1573","NGA",10313058,"Africa"
"1574","NGA",10313522,"Africa"
"1575","NGA",10315316,"Africa"
"1576","THA",10312983,"Asia"
"1577","NGA",10313750,"Africa"
"1578","NGA",10314245,"Africa"
"1579","NGA",10315664,"Africa"
"1580","NGA",10314878,"Africa"
"1581","NGA",10315660,"Africa"
"1582","NGA",10313817,"Africa"
"1583","NGA",10312967,"Africa"
"1584","THA",10313222,"Asia"
"1585","THA",10314852,"Asia"
"1586","PHL",10315873,"Asia"
"1587","VEN",10313658,"Latin America and the Caribbean"
"1588","VEN",10313288,"Latin America and the Caribbean"
"1589","VEN",10314931,"Latin America and the Caribbean"
"1590","VEN",10315261,"Latin America and the Caribbean"
"1591","VEN",10314678,"Latin America and the Caribbean"
"1592","NGA",10314912,"Africa"
"1593","THA",10313424,"Asia"
"1594","NGA",10313126,"Africa"
"1595","THA",10314417,"Asia"
"1596","THA",10313295,"Asia"
"1597","THA",10313342,"Asia"
"1598","THA",10315298,"Asia"
"1599","MYS",10314463,"Asia"
"1600","MYS",10315026,"Asia"
"1601","MYS",10314033,"Asia"
"1602","MYS",10315998,"Asia"
"1603","KOR",10313230,"Asia"
"1604","NGA",10314343,"Africa"
"1605","NGA",10315731,"Africa"
"1606","NGA",10312855,"Africa"
"1607","NGA",10313043,"Africa"
"1608","LBR",10314099,"Africa"
"1609","MYS",10313638,"Asia"
"1610","MYS",10314649,"Asia"
"1611","PHL",10315368,"Asia"
"1612","NGA",10315516,"Africa"
"1613","NGA",10314810,"Africa"
"1614","MYT",10315114,"Africa"
"1615","MYT",10316294,"Africa"
"1616","TUR",10314024,"Asia"
"1617","IDN",10313818,"Asia"
"1618","IDN",10313879,"Asia"
"1619","IDN",10315882,"Asia"
"1620","NGA",10313027,"Africa"
"1621","IDN",10312991,"Asia"
"1622","IDN",10316434,"Asia"
"1623","IDN",10313503,"Asia"
"1624","IDN",10313362,"Asia"
"1625","IDN",10314680,"Asia"
"1626","IDN",10315056,"Asia"
"1627","IDN",10315634,"Asia"
"1628","IDN",10313061,"Asia"
"1629","IDN",10314320,"Asia"
"1630","IDN",10315519,"Asia"
"1631","IDN",10313326,"Asia"
"1632","IDN",10314624,"Asia"
"1633","IDN",10315738,"Asia"
"1634","IDN",10315865,"Asia"
"1635","IDN",10315221,"Asia"
"1636","IDN",10315975,"Asia"
"1637","IDN",10316337,"Asia"
"1638","IDN",10315806,"Asia"
"1639","NGA",10313334,"Africa"
"1640","NGA",10313859,"Africa"
"1641","NGA",10313483,"Africa"
"1642","IDN",10316102,"Asia"
"1643","IDN",10313823,"Asia"
"1644","IDN",10315612,"Asia"
"1645","IDN",10316442,"Asia"
"1646","IDN",10313905,"Asia"
"1647","IDN",10315017,"Asia"
"1648","IDN",10314307,"Asia"
"1649","IDN",10315510,"Asia"
"1650","IDN",10315185,"Asia"
"1651","IDN",10313088,"Asia"
"1652","IDN",10314726,"Asia"
"1653","IDN",10316133,"Asia"
"1654","IDN",10315351,"Asia"
"1655","THA",10314413,"Asia"
"1656","THA",10315159,"Asia"
"1657","THA",10316340,"Asia"
"1658","THA",10314601,"Asia"
"1659","THA",10315254,"Asia"
"1660","NGA",10313078,"Africa"
"1661","NGA",10315365,"Africa"
"1662","TCD",10314863,"Africa"
"1663","TCD",10313395,"Africa"
"1664","THA",10312959,"Asia"
"1665","THA",10312998,"Asia"
"1666","THA",10314894,"Asia"
"1667","THA",10315230,"Asia"
"1668","THA",10312916,"Asia"
"1669","THA",10314784,"Asia"
"1670","THA",10313114,"Asia"
"1671","THA",10315739,"Asia"
"1672","THA",10314555,"Asia"
"1673","THA",10314480,"Asia"
"1674","THA",10313122,"Asia"
"1675","THA",10314831,"Asia"
"1676","THA",10314426,"Asia"
"1677","THA",10313865,"Asia"
"1678","THA",10313987,"Asia"
"1679","THA",10315107,"Asia"
"1680","THA",10313431,"Asia"
"1681","THA",10314225,"Asia"
"1682","THA",10313052,"Asia"
"1683","THA",10316177,"Asia"
"1684","THA",10315744,"Asia"
"1685","THA",10313501,"Asia"
"1686","THA",10315274,"Asia"
"1687","PHL",10315520,"Asia"
"1688","PHL",10316233,"Asia"
"1689","PHL",10315118,"Asia"
"1690","PHL",10314850,"Asia"
"1691","PHL",10314884,"Asia"
"1692","THA",10313377,"Asia"
"1693","THA",10314979,"Asia"
"1694","THA",10315665,"Asia"
"1695","THA",10315030,"Asia"
"1696","THA",10314759,"Asia"
"1697","THA",10314763,"Asia"
"1698","THA",10314215,"Asia"
"1699","THA",10313670,"Asia"
"1700","THA",10314332,"Asia"
"1701","THA",10315480,"Asia"
"1702","THA",10315584,"Asia"
"1703","THA",10316249,"Asia"
"1704","THA",10315428,"Asia"
"1705","THA",10315146,"Asia"
"1706","MYS",10315227,"Asia"
"1707","MYS",10313620,"Asia"
"1708","PHL",10315214,"Asia"
"1709","PHL",10315907,"Asia"
"1710","PHL",10316099,"Asia"
"1711","PHL",10315620,"Asia"
"1712","PHL",10315277,"Asia"
"1713","PHL",10314521,"Asia"
"1714","PHL",10315555,"Asia"
"1715","PHL",10315988,"Asia"
"1716","PHL",10313422,"Asia"
"1717","PHL",10314895,"Asia"
"1718","PHL",10314088,"Asia"
"1719","PHL",10315797,"Asia"
"1720","PHL",10313981,"Asia"
"1721","PHL",10314885,"Asia"
"1722","PHL",10316132,"Asia"
"1723","PHL",10316436,"Asia"
"1724","MYS",10316153,"Asia"
"1725","MYS",10313292,"Asia"
"1726","MYS",10313085,"Asia"
"1727","MYS",10312895,"Asia"
"1728","PHL",10313920,"Asia"
"1729","MYS",10316226,"Asia"
"1730","MYS",10314454,"Asia"
"1731","MYS",10315595,"Asia"
"1732","MYS",10313112,"Asia"
"1733","PHL",10314461,"Asia"
"1734","PHL",10314677,"Asia"
"1735","PHL",10316421,"Asia"
"1736","PHL",10315917,"Asia"
"1737","PHL",10313087,"Asia"
"1738","PHL",10313716,"Asia"
"1739","PHL",10314612,"Asia"
"1740","PHL",10315484,"Asia"
"1741","PHL",10314536,"Asia"
"1742","PHL",10313583,"Asia"
"1743","PHL",10315131,"Asia"
"1744","PHL",10312980,"Asia"
"1745","PHL",10316375,"Asia"
"1746","PHL",10313602,"Asia"
"1747","PHL",10313502,"Asia"
"1748","PHL",10315045,"Asia"
"1749","PHL",10316096,"Asia"
"1750","PHL",10313135,"Asia"
"1751","PHL",10315337,"Asia"
"1752","PHL",10315057,"Asia"
"1753","PHL",10315964,"Asia"
"1754","PHL",10315802,"Asia"
"1755","PHL",10316104,"Asia"
"1756","PHL",10314182,"Asia"
"1757","PHL",10315344,"Asia"
"1758","KOR",10316232,"Asia"
"1759","PHL",10313814,"Asia"
"1760","PHL",10315287,"Asia"
"1761","PHL",10315175,"Asia"
"1762","PHL",10313618,"Asia"
"1763","PHL",10315288,"Asia"
"1764","PHL",10314119,"Asia"
"1765","PHL",10313199,"Asia"
"1766","PHL",10316439,"Asia"
"1767","PHL",10314297,"Asia"
"1768","PHL",10313124,"Asia"
"1769","PHL",10316429,"Asia"
"1770","PHL",10313104,"Asia"
"1771","PHL",10313943,"Asia"
"1772","PHL",10315414,"Asia"
"1773","PHL",10313209,"Asia"
"1774","PHL",10314073,"Asia"
"1775","PHL",10315754,"Asia"
"1776","PHL",10314164,"Asia"
"1777","PHL",10314283,"Asia"
"1778","PHL",10313467,"Asia"
"1779","PHL",10314569,"Asia"
"1780","PHL",10314523,"Asia"
"1781","PHL",10314439,"Asia"
"1782","PHL",10313617,"Asia"
"1783","PHL",10314775,"Asia"
"1784","PHL",10314089,"Asia"
"1785","PHL",10315546,"Asia"
"1786","PHL",10313449,"Asia"
"1787","PHL",10313056,"Asia"
"1788","PHL",10315331,"Asia"
"1789","KOR",10316314,"Asia"
"1790","KOR",10315353,"Asia"
"1791","KOR",10315256,"Asia"
"1792","KOR",10313186,"Asia"
"1793","KOR",10314503,"Asia"
"1794","KOR",10314520,"Asia"
"1795","KOR",10314800,"Asia"
"1796","KOR",10314692,"Asia"
"1797","KOR",10313837,"Asia"
"1798","KOR",10314881,"Asia"
"1799","IND",10316288,"Asia"
"1800","IND",10315341,"Asia"
"1801","IND",10313379,"Asia"
"1802","IND",10313610,"Asia"
"1803","IND",10313675,"Asia"
"1804","KOR",10313312,"Asia"
"1805","KOR",10315161,"Asia"
"1806","KOR",10312907,"Asia"
"1807","KOR",10316440,"Asia"
"1808","KOR",10312873,"Asia"
"1809","SLB",10314090,"Oceania"
"1810","SLB",10316151,"Oceania"
"1811","SLB",10315156,"Oceania"
"1812","SLB",10315530,"Oceania"
"1813","SLB",10316262,"Oceania"
"1814","SLB",10313765,"Oceania"
"1815","SLB",10312951,"Oceania"
"1816","SLB",10313042,"Oceania"
"1817","IND",10316265,"Asia"
"1818","IND",10314804,"Asia"
"1819","SLB",10316443,"Oceania"
"1820","SLB",10314700,"Oceania"
"1821","GNB",10313057,"Africa"
"1822","GNB",10313181,"Africa"
"1823","GNB",10313570,"Africa"
"1824","GNB",10313370,"Africa"
"1825","GNB",10314022,"Africa"
"1826","GNB",10315399,"Africa"
"1827","IND",10314880,"Asia"
"1828","IND",10314729,"Asia"
"1829","GNB",10316231,"Africa"
"1830","GNB",10313348,"Africa"
"1831","GNB",10315372,"Africa"
"1832","BGD",10316106,"Asia"
"1833","BGD",10314097,"Asia"
"1834","BGD",10313421,"Asia"
"1835","BGD",10314416,"Asia"
"1836","BGD",10316088,"Asia"
"1837","BGD",10314406,"Asia"
"1838","BGD",10315307,"Asia"
"1839","IND",10314737,"Asia"
"1840","IND",10313544,"Asia"
"1841","IND",10314559,"Asia"
"1842","IND",10313371,"Asia"
"1843","IND",10315194,"Asia"
"1844","IND",10313772,"Asia"
"1845","IND",10316349,"Asia"
"1846","IND",10315369,"Asia"
"1847","IND",10315492,"Asia"
"1848","IND",10315928,"Asia"
"1849","IND",10314579,"Asia"
"1850","IND",10314923,"Asia"
"1851","IND",10315930,"Asia"
"1852","IND",10315872,"Asia"
"1853","IND",10315941,"Asia"
"1854","IND",10314481,"Asia"
"1855","IND",10315044,"Asia"
"1856","IND",10315305,"Asia"
"1857","IND",10315640,"Asia"
"1858","IND",10315667,"Asia"
"1859","IND",10315000,"Asia"
"1860","IND",10316203,"Asia"
"1861","IND",10316313,"Asia"
"1862","IND",10315753,"Asia"
"1863","IND",10315914,"Asia"
"1864","NIC",10313277,"Latin America and the Caribbean"
"1865","IND",10314889,"Asia"
"1866","NIC",10313515,"Latin America and the Caribbean"
"1867","NIC",10313722,"Latin America and the Caribbean"
"1868","NIC",10314951,"Latin America and the Caribbean"
"1869","NIC",10315604,"Latin America and the Caribbean"
"1870","NIC",10314152,"Latin America and the Caribbean"
"1871","NIC",10316432,"Latin America and the Caribbean"
"1872","NIC",10315393,"Latin America and the Caribbean"
"1873","VEN",10315178,"Latin America and the Caribbean"
"1874","VEN",10315758,"Latin America and the Caribbean"
"1875","VEN",10316061,"Latin America and the Caribbean"
"1876","VEN",10315022,"Latin America and the Caribbean"
"1877","VEN",10316083,"Latin America and the Caribbean"
"1878","VEN",10315931,"Latin America and the Caribbean"
"1879","NIC",10313151,"Latin America and the Caribbean"
"1880","NIC",10315019,"Latin America and the Caribbean"
"1881","VEN",10314802,"Latin America and the Caribbean"
"1882","VEN",10314901,"Latin America and the Caribbean"
"1883","COM",10315278,"Africa"
"1884","NIC",10313849,"Latin America and the Caribbean"
"1885","NIC",10312913,"Latin America and the Caribbean"
"1886","NIC",10315094,"Latin America and the Caribbean"
"1887","NIC",10314823,"Latin America and the Caribbean"
"1888","NIC",10315565,"Latin America and the Caribbean"
"1889","NIC",10313454,"Latin America and the Caribbean"
"1890","VEN",10315380,"Latin America and the Caribbean"
"1891","VEN",10316062,"Latin America and the Caribbean"
"1892","NIC",10316388,"Latin America and the Caribbean"
"1893","NIC",10313444,"Latin America and the Caribbean"
"1894","VEN",10315137,"Latin America and the Caribbean"
"1895","VEN",10315655,"Latin America and the Caribbean"
"1896","VEN",10313957,"Latin America and the Caribbean"
"1897","VEN",10313067,"Latin America and the Caribbean"
"1898","VEN",10315085,"Latin America and the Caribbean"
"1899","VEN",10313692,"Latin America and the Caribbean"
"1900","MDG",10023001,"Africa"
"1901","MDG",10023002,"Africa"
"1902","MDG",10023003,"Africa"
"1903","MDG",10022990,"Africa"
"1904","MDG",10023000,"Africa"
"1905","MDG",10022994,"Africa"
"1906","MDG",10022995,"Africa"
"1907","MDG",10022984,"Africa"
"1908","MDG",10022987,"Africa"
"1909","MDG",10022991,"Africa"
"1910","MDG",10022992,"Africa"
"1911","MDG",10022985,"Africa"
"1912","VEN",10313302,"Latin America and the Caribbean"
"1913","VEN",10313054,"Latin America and the Caribbean"
"1914","VEN",10313363,"Latin America and the Caribbean"
"1915","VEN",10314155,"Latin America and the Caribbean"
"1916","CHN",10315321,"Asia"
"1917","MDG",10022996,"Africa"
"1918","MDG",10023004,"Africa"
"1919","MDG",10022988,"Africa"
"1920","MDG",10022997,"Africa"
"1921","MDG",10022986,"Africa"
"1922","MDG",10022993,"Africa"
"1923","COM",10313452,"Africa"
"1924","COM",10315233,"Africa"
"1925","ERI",604492669,"Africa"
"1926","MWI",604492670,"Africa"
"1927","ATF",10312906,NA
"1928","ATF",10316389,NA
"1929","ATF",10313632,NA
"1930","ATF",10313490,NA
"1931","MDG",10022998,"Africa"
"1932","MDG",10022989,"Africa"
"1933","MDG",10022983,"Africa"
"1934","MDG",10022999,"Africa"
"1935","SDN",604492671,"Africa"
"1936","GMB",604492672,"Africa"
"1937","MOZ",604492673,"Africa"
"1938","BDI",604492674,"Africa"
"1939","UGA",604492675,"Africa"
"1940","UGA",604492676,"Africa"
"1941","UGA",604492677,"Africa"
"1942","UGA",604100796,"Africa"
"1943","BOL",604100797,"Latin America and the Caribbean"
"1944","BOL",604100798,"Latin America and the Caribbean"
"1945","BOL",604100799,"Latin America and the Caribbean"
"1946","COD",604100800,"Africa"
"1947","COD",604100801,"Africa"
"1948","COD",604100802,"Africa"
"1949","COL",604100803,"Latin America and the Caribbean"
"1950","DOM",604100804,"Latin America and the Caribbean"
"1951","DOM",604100805,"Latin America and the Caribbean"
"1952","DOM",604100806,"Latin America and the Caribbean"
"1953","DOM",604100807,"Latin America and the Caribbean"
"1954","DOM",604100808,"Latin America and the Caribbean"
"1955","DOM",604100809,"Latin America and the Caribbean"
"1956","DOM",604100810,"Latin America and the Caribbean"
"1957","DOM",604100811,"Latin America and the Caribbean"
"1958","DOM",604100812,"Latin America and the Caribbean"
"1959","DOM",604100813,"Latin America and the Caribbean"
"1960","KHM",604100814,"Asia"
"1961","RWA",604100815,"Africa"
"1962","CHN",604100816,"Asia"
"1963","PAN",604100817,"Latin America and the Caribbean"
"1964","PER",604100818,"Latin America and the Caribbean"
"1965","PNG",604100819,"Oceania"
"1966","PNG",604100820,"Oceania"
"1967","PNG",604100821,"Oceania"
"1968","PNG",604100822,"Oceania"
"1969","TZA",604100823,"Africa"
"1970","TZA",604100824,"Africa"
"1971","TZA",604100825,"Africa"
"1972","TZA",604100826,"Africa"
"1973","TZA",604100827,"Africa"
"1974","BDI",604100828,"Africa"
"1975","ECU",604100829,"Latin America and the Caribbean"
"1976","BGD",604100830,"Asia"
"1977","BOL",604100831,"Latin America and the Caribbean"
"1978","BOL",604100832,"Latin America and the Caribbean"
"1979","KEN",604100833,"Africa"
"1980","UGA",604100834,"Africa"
